manufacturer,model,year,mileage,price,hand,fuel,color
Toyota,RAV4,2023,18652,206300,1,petrol,white
Toyota,RAV4,2022,30000,220000,1,hybrid,black
Toyota,RAV4,2022,70000,235000,1,hybrid,black
Toyota,Corolla,2019,142000,69000,3,hybrid,gray
Toyota,Sienna ,2023,39000,302500,1,hybrid,white
Toyota,Sienna,2024,30000,330000,1,hybrid,white
Toyota,Land Cruiser,2019,97000,242000,2,diesel,black
Toyota,Auris ,2017,231000,43000,3,hybrid,blue
Toyota,Land Cruiser,2018,163000,255000,2,diesel,white
Toyota,Camry ,2021,144000,102900,2,hybrid,bronze
Toyota,RAV4,2019,140000,100000,2,hybrid,gray
Toyota,RAV4,2021,99000,162000,1,hybrid,white
Toyota,Corolla,2021,120000,94500,1,hybrid,white
Toyota,Corolla,2023,26000,109850,1,petrol,black
Toyota,Sienna,2023,110000,270000,1,hybrid,white
Toyota,Land Cruiser ,2025,8000,509000,1,hybrid,gold
Toyota,RAV4,2024,24000,175000,1,hybrid,black
Toyota,Verso s,2012,254000,17800,3,petrol,gray
Toyota,Corolla,2007,309000,11000,5,petrol,gray
Toyota,Corolla,2019,130000,70000,1,hybrid,gray
Toyota,Corolla,2020,98000,89990,2,hybrid,gray
Toyota,Corolla,2019,95000,89000,2,hybrid,gray
Toyota,Corolla,2021,63000,103000,1,hybrid,white
Toyota,Prius Plus,2018,262000,84900,2,hybrid,gray
Toyota,Land Cruiser,2008,260000,99000,5,diesel,black
Toyota,Corolla,2007,290000,13000,1,petrol,gray
Toyota,Hilux,2017,340000,128000,1,diesel ,white
Toyota,Corolla,2006,240000,12000,1,petrol,gray
Toyota,Corolla,2019,113000,79000,2,hybrid,gray
Toyota,RAV4,2021,93000,159000,1,hybrid,white
Toyota,RAV4,2017,146000,105000,2,hybrid,white
Toyota,RAV4,2022,30000,220000,1,hybrid,black 
Toyota,RAV4,2022,70000,235000,1,hybrid,black
Toyota,Corolla,2019,142000,69000,3,hybrid,gray
Toyota,Sienna ,2023,39000,302500,1,hybrid,white
Toyota,Sienna,2024,30000,330000,1,hybrid,white
Toyota,Land Cruiser,2019,97000,242000,2,diesel,black
Toyota,Auris,2017,231000,43000,3,hybrid,blue
Toyota,Land Cruiser,2018,163000,255000,2,diesel,white
Toyota,Camry,2021,144000,102900,2,hybrid,bronze
Toyota,Corolla,2021,120000,94500,1,hybrid,white
Toyota,RAV4,2019,140000,100000,2,hybrid,gray
Toyota,RAV4,2021,99000,162000,1,hybrid,white
Toyota,Corolla,2023,26000,109850,1,diesel ,black 
Toyota,Sienna,2023,110000,270000,1,hybrid,white
Toyota,Land Cruiser,2025,8000,509000,1,hybrid,gold
Toyota,Corolla,2020,87000,79000,1,hybrid,gray
Toyota,Auris,2016,147000,46500,2,hybrid,gray
Toyota,Auris,2013,250000,28000,3,hybrid,gray
Kia,Sportage,2020,135000,74500,4,diesel ,white
Kia,Sportage ,2022,45000,132000,1,petrol,gray
Kia,Sportage,2016,82500,54000,3,petrol,black
Kia,Seltos,2021,74000,85000,2,petrol,gray
Kia,Optima,2018,207000,59000,1,hybrid,white
Kia,Picanto,2021,54000,65000,2,petrol ,white
Kia,Niro,2018,169000,64000,2,hybrid,black
Kia,Niro,2019,118000,83000,2,hybrid,black
Kia,Niro,2021,199521,66500,2,hybrid,black
Kia,Sportage,2017,86000,66000,1,petrol,gray
Kia,Niro,2019,105000,80000,2,hybrid,gray
Kia,Picanto,2022,94000,63000,1,petrol,beige
Kia,Picanto,2022,70500,72000,1,petrol ,gray
Kia,Niro,2020,168000,86000,1,hybrid,gray
Kia,Niro,2021,98000,105000,1,hybrid ,white
Kia,Picanto,2018,71000,49900,1,petrol,red 
Kia,Picanto,2018,137000,42900,2,petrol ,black 
Kia,Niro,2020,168000,86000,1,hybrid,black 
Kia,Niro,2021,98000,105000,1,hybrid,white
Kia,Picanto,2020,179000,59500,1,petrol ,white
Kia,Picanto,2020,64500,65500,2,petrol,gray
Kia,Picanto,2021,101500,43000,3,petrol,black
Kia,Sportage,2016,126000,58000,1,petrol ,white
Kia,Picanto,2022,35500,67000,2,petrol,white
Kia,Sportage,2018,162000,55000,2,petrol ,gray
Kia,Picanto,2021,70800,60000,2,petrol ,white
Kia,Picanto,2018,98000,61000,1,petrol ,white
Kia,Sportage,2022,60800,140000,2,petrol,gray
Kia,Sportage,2017,113000,58500,1,petrol ,white
Kia,Niro,2022,38500,122000,1,hybrid,white
Kia,Sportage,2018,120000,65000,2,petrol ,black 
Kia,Sportage,2021,34000,110000,1,diesel,white
Kia,Picanto,2018,32000,56000,2,petrol,white
Kia,Niro,2022,14500,135500,1,hybrid,white
Kia,Niro,2018,128000,69000,2,hybrid,gray
Kia,Niro,2021,171000,71500,2,hybrid ,white
Kia,Sportage,2022,91000,109000,2,hybrid,white
Kia,Sportage,2020,205000,47000,2,diesel ,white
Kia,Picanto,2018,180000,40000,2,petrol,white
Kia,Picanto,2022,26000,62250,2,petrol,red
Kia,Sportage,2015,144000,43000,2,petrol ,black
Kia,Niro,2019,103000,77000,2,hybrid,gray
Kia,Sportage,2020,92000,85000,1,diesel,white
Kia,Niro,2023,71687,110900,1,hybrid,gray
Kia,Niro,2023,55352,115900,1,hybrid ,black
Kia,Niro,2018,170000,69000,2,hybrid,white
Kia,Niro,2021,64000,100000,3,hybrid,black
Kia,Sportage,2017,190000,45100,3,petrol,white
Kia,Sportage,2018,120000,65000,2,petrol,black
Kia,Niro,2023,74223,116620,1,hybrid,gray
Hyundai,Tucson,2019,106000,82000,2,petrol,gray
Hyundai,Tucson,2016,118000,62000,2,petrol ,gray
Hyundai,Tucson,2025,40500,137000,1,petrol,green
Hyundai,Tucson,2025,10100,145900,1,petrol,green
Hyundai,Tucson,2025,23000,185000,1,petrol,black
Hyundai,Tucson,2025,11000,178000,1,petrol,black 
Hyundai,Tucson,2024,32000,155000,2,petrol,gray
Hyundai,Tucson,2024,14000,167000,1,petrol,black
Hyundai,Tucson,2022,96000,109900,1,petrol,gray
Hyundai,Tucson,2024,48000,138000,2,petrol,white
Hyundai,Tucson,2023,70000,141500,1,petrol,black 
Hyundai,Tucson,2023,16000,147000,1,petrol ,gray
Hyundai,Tucson,2023,32000,145000,2,petrol,gray
Hyundai,Tucson,2023,"42,000","124,770",1,petrol,white
Hyundai,Tucson,2023,15500,146000,1,petrol,blue
Hyundai,Tucson,2022,76100,140500,1,petrol,gray
Hyundai,Tucson,2022,20000,138000,1,petrol,white
Hyundai,Tucson,2022,35400,147000,1,petrol,white
Hyundai,Tucson,2022,74000,140000,1,petrol,white
Hyundai,Tucson,2022,75000,118000,3,petrol,black
Hyundai,Elantra,2025,7000,157000,1,hybrid,black
Hyundai,Elantra,2025,3800,161000,1,hybrid,white
Hyundai,Elantra,2025,29000,155200,1,hybrid,gray
Hyundai,Elantra,2024,36500,140000,1,hybrid,black
Hyundai,Elantra,2024,22000,144000,1,hybrid,white
Hyundai,Elantra,2024,24000,139000,2,hybrid,gray
Hyundai,Elantra,2024,64500,104000,2,hybrid,gray
Hyundai,Elantra,2024,25313,146999,1,hybrid,gray
Hyundai,Elantra,2024,24000,132999,1,hybrid,gray
Hyundai,Elantra,2024,21827,111111,1,hybrid,black
Hyundai,Elantra,2024,10000,150740,1,hybrid,bronze
Hyundai,Elantra,2024,18000,143500,1,hybrid,gray
Hyundai,Elantra,2023,75900,126500,1,hybrid,gray
Hyundai,Elantra,2023,70000,135000,1,hybrid,black
Hyundai,Elantra,2023,100000,122000,1,hybrid,gray
Hyundai,Elantra,2023,50780,133000,1,hybrid,black
Hyundai,Elantra,2023,120730,97900,1,hybrid,white
Hyundai,Elantra,2022,87000,115000,1,hybrid,white
Hyundai,Elantra,2022,59000,112000,2,hybrid,black
Hyundai,Elantra,2022,117000,89000,1,hybrid,white
Hyundai,i10,2024,43500,83500,1,petrol,green
Hyundai,i10,2024,11000,79000,1,petrol,black
Hyundai,i10,2024,14000,83000,1,petrol,white
Hyundai,i10,2024,29000,81500,1,petrol,white
Hyundai,i10,2023,26000,80000,1,petrol,gray
Hyundai,i10,2023,83980,64000,3,petrol,white
Hyundai,i10,2023,31500,72000,2,petrol,red
Hyundai,i10,2022,38000,70000,2,petrol,red
Hyundai,i10,2022,48000,69000,1,petrol,white
Hyundai,i10,2022,34400,75590,2,petrol,white
Skoda,Octavia,2026,4000,175000,1,petrol,black
Skoda,Octavia,2025,25000,148000,1,petrol,gray
Skoda,Octavia,2025,4500,170000,1,petrol,black
Skoda,Octavia,2025,15000,175000,1,petrol,gray
Skoda,Octavia,2024,30500,154000,1,petrol,gray
Skoda,Octavia,2024,17000,145000,2,petrol,gray
Skoda,Octavia,2024,47000,147000,1,petrol,green
Skoda,Octavia,2024,30000,147500,1,petrol,white
Skoda,Octavia,2023,60000,180000,1,petrol,blue
Skoda,Octavia,2023,58000,135000,2,petrol,white
Skoda,Octavia,2023,90000,130000,1,petrol,white
Skoda,Octavia,2023,25000,170000,2,petrol,green
Skoda,Octavia,2022,171000,71000,1,petrol,white
Skoda,Octavia,2022,90000,135000,1,hybrid,gray
Skoda,Octavia,2022,31450,125000,1,petrol,white
Skoda,Octavia,2022,107000,98000,1,petrol,black
Skoda,Octavia,2022,42000,98000,1,petrol,white
Skoda,Octavia,2022,46000,116000,1,petrol,black
Skoda,Octavia,2022,75000,121000,1,petrol,white
Skoda,Octavia,2022,82000,123000,2,petrol,white
Skoda,Octavia,2022,62500,180000,1,petrol,white
Skoda,Octavia,2021,122000,98000,2,petrol,white
Skoda,Octavia,2021,68000,115000,2,petrol,white
Skoda,Octavia,2021,95000,92000,2,petrol,black
Skoda,Octavia,2021,140000,110000,3,petrol,gray
Skoda,Octavia,2021,98000,107200,2,petrol,black
Skoda,Octavia,2021,170000,72600,1,petrol,black
Skoda,Octavia,2021,73000,81000,2,petrol,gray
Skoda,Octavia,2021,145000,96000,1,petrol,black
Skoda,Octavia,2021,76000,80000,3,petrol,black
Skoda,Fabia,2025,12000,127000,1,petrol,black
Skoda,Fabia,2024,9000,138000,2,petrol,white
Skoda,Fabia,2023,45000,108000,1,petrol,white
Skoda,Fabia,2023,52000,87000,2,petrol,black
Skoda,Fabia,2023,65000,95000,2,petrol,black
Skoda,Fabia,2021,74700,75750,1,petrol,white
Skoda,Fabia,2021,94000,73200,2,petrol,black
Skoda,Fabia,2021,115550,71000,1,petrol,red
Skoda,Fabia,2020,94000,58000,2,petrol,white
Skoda,Fabia,2019,156000,37000,2,petrol,white
Skoda,Fabia,2019,38000,68000,2,petrol,gray
Skoda,Fabia,2019,72000,68000,2,petrol,black
Skoda,Fabia,2018,137000,55000,1,petrol,black
Skoda,Fabia,2018,139000,45000,3,petrol,black
Skoda,Fabia,2018,84000,54000,3,petrol,white
Skoda,Fabia,2018,98000,52000,2,petrol,white
Skoda,Fabia,2018,144000,54000,1,petrol,gray
Skoda,Fabia,2018,101000,55000,2,petrol,blue
Skoda,Fabia,2018,146000,53000,2,petrol,black
Skoda,Fabia,2018,78000,45000,5,petrol,white
Mazda,3,2025,12000,135000,1,petrol,gray
Mazda,3,2025,6500,136200,1,petrol,black
Mazda,3,2025,21000,131000,1,petrol,white
Mazda,3,2025,9000,128000,3,petrol,white
Mazda,3,2025,13200,115000,3,petrol,white
Mazda,3,2024,15500,133000,1,petrol,black
Mazda,3,2024,7500,155000,1,petrol,white
Mazda,3,2024,31000,130000,1,petrol,white
Mazda,3,2024,17000,123000,2,petrol,white
Mazda,3,2024,19700,128000,2,petrol,black
Mazda,3,2023,30000,115000,1,petrol,white
Mazda,3,2023,29500,118000,1,petrol,black
Mazda,3,2023,70000,139000,1,petrol,white
Mazda,3,2022,90000,70000,6,petrol,black
Mazda,3,2022,44000,113000,1,petrol,white
Mazda,3,2022,55000,94000,2,petrol,black
Mazda,3,2022,53000,105000,1,petrol,black
Mazda,3,2022,97000,118000,3,petrol,white
Mazda,3,2022,45000,107000,1,petrol,white
Mazda,3,2022,60000,90000,2,petrol,black
Mazda,3,2022,92000,79500,2,petrol,black
Mazda,3,2022,60000,13000,3,petrol,red
Mazda,3,2022,31000,105000,2,petrol,black
Mazda,3,2022,99555,92000,1,petrol,gray
Mazda,3,2022,50000,95300,4,petrol,gray
Mazda,CX-5,2025,25500,164425,1,petrol,white
Mazda,CX-5,2025,24000,165000,1,petrol,black
Mazda,CX-5,2025,6000,167625,1,petrol,white
Mazda,CX-5,2025,13000,157000,1,petrol,black
Mazda,CX-5,2025,1900,163000,1,petrol,white
Mazda,CX-5,2024,28000,152000,1,petrol,white
Mazda,CX-5,2024,29000,158500,1,petrol,white
Mazda,CX-5,2024,15000,145000,1,petrol,black
Mazda,CX-5,2024,11500,158000,1,petrol,white
Mazda,CX-5,2024,34000,148000,1,petrol,black
Mazda,CX-5,2024,38000,145000,1,petrol,white
Mazda,CX-5,2023,30000,145000,1,petrol,gray
Mazda,CX-5,2023,48000,119900,2,petrol,white
Mazda,CX-5,2023,40000,135400,1,petrol,white
Mazda,CX-5,2023,21000,190000,1,petrol,blue
Mazda,CX-5,2023,40000,136000,1,petrol,white
Mazda,CX-5,2023,40000,136000,1,petrol,white
Mazda,CX-5,2023,12000,140000,1,petrol,black
Mazda,CX-5,2023,16700,155000,1,petrol,white
Mazda,CX-5,2022,34000,147000,1,petrol,white
Mazda,CX-5,2022,19100,150000,1,petrol,white
Mazda,CX-5,2022,101100,126200,1,petrol,black
Mazda,CX-5,2022,41000,131000,1,petrol,gray
Mazda,CX-5,2022,101500,105000,2,petrol,white
Mazda,CX-5,2022,35000,125000,1,petrol,black
Nissan,Qashqai,2025,9800,170000,1,hybrid,white
Nissan,Qashqai,2025,6000,145000,1,petrol,gray
Nissan,Qashqai,2024,49000,126000,1,petrol,white
Nissan,Qashqai,2024,55000,160000,1,hybrid,black
Nissan,Qashqai,2024,31500,142000,1,petrol,white
Nissan,Qashqai,2023,14000,130000,1,petrol,gray
Nissan,Qashqai,2023,50000,135000,2,petrol,gray
Nissan,Qashqai,2023,22000,160000,2,hybrid,black
Nissan,Qashqai,2023,66600,126500,2,petrol,white
Nissan,Qashqai,2023,50000,125700,1,petrol,black
Nissan,Qashqai,2022,44000,130000,1,petrol,white
Nissan,Qashqai,2022,40000,115000,1,petrol,gray
Nissan,Qashqai,2022,60500,105000,1,petrol,white
Nissan,Qashqai,2022,73000,98000,2,petrol,white
Nissan,Qashqai,2022,68000,109000,1,petrol,gray
Nissan,Qashqai,2022,65000,108000,2,petrol,white
Nissan,Qashqai,2022,45000,125000,1,petrol,white
Nissan,Qashqai,2022,55000,118000,2,petrol,gray
Nissan,Qashqai,2022,44000,115000,1,petrol,white
Nissan,Qashqai,2022,49000,127900,1,petrol,black
Nissan,Juke,2025,5000,12000,1,petrol,white
Nissan,Juke,2025,8666,130000,1,hybrid,white
Nissan,Juke,2025,16500,131000,1,hybrid,white
Nissan,Juke,2024,24000,110000,1,hybrid,white
Nissan,Juke,2023,63000,101500,2,hybrid,gray
Nissan,Juke,2023,47000,110000,1,hybrid,gray
Nissan,Juke,2023,81000,100000,1,hybrid,black
Nissan,Juke,2023,7500,113000,2,hybrid,white
Nissan,Juke,2022,32500,86000,1,petrol,gray
Nissan,Juke,2022,85000,69000,1,petrol,white
Nissan,Juke,2022,59000,82000,2,petrol,gray
Nissan,Juke,2022,62000,82500,1,petrol,white
Nissan,Juke,2022,57500,85500,1,petrol,white
Nissan,Juke,2022,31000,88000,1,petrol,white
Nissan,Juke,2022,52000,82000,1,petrol,white
Nissan,X-Trail,2025,6000,165000,1,petrol,white
Nissan,X-Trail,2024,35000,180000,2,hybrid,black
Nissan,X-Trail,2024,65000,160000,1,hybrid,white
Nissan,X-Trail,2024,10500,175900,2,petrol,gray
Nissan,X-Trail,2024,26000,173025,1,petrol,black
Nissan,X-Trail,2023,49500,143000,2,petrol,black
Nissan,X-Trail,2023,79000,158000,1,hybrid,gray
Nissan,X-Trail,2023,35000,165000,1,hybrid,white
Nissan,X-Trail,2023,67000,159000,1,petrol,gray
Nissan,X-Trail,2023,70000,176000,1,hybrid,white
Nissan,X-Trail,2022,142000,74700,1,petrol,black
Nissan,X-Trail,2022,120000,91000,2,petrol,gray
Nissan,X-Trail,2022,70000,120000,2,petrol,black
Nissan,X-Trail,2022,48000,127000,2,petrol,white
Nissan,X-Trail,2022,80320,98320,3,petrol,white