manufacturer,model,year,price,hand,fuel,engine_liters,horsepower,transmission,mileage,is_electro
Kia,Sportage,2015,42900,4.0,gasoline,1.6,133.0,automatic,130000,0
Kia,Picanto,2023,69999,1.0,gasoline,1.2,84.0,robotic,45000,0
Kia,Picanto,2015,24900,2.0,gasoline,1.2,85.0,automatic,132000,0
Kia,Sorento,2023,154900,1.0,gasoline,2.5,180.0,automatic,72500,0
Kia,Sportage,2017,58800,3.0,gasoline,2.0,155.0,automatic,153000,0
Kia,Sportage,2016,39800,2.0,gasoline,1.6,133.0,automatic,155000,0
Kia,Seltos,2022,97900,1.0,gasoline,2.0,149.0,variable,62000,0
Kia,Sportage,2021,77999,1.0,gasoline,1.6,177.0,robotic,129000,0
Kia,Ceed,2022,69900,1.0,diesel,1.6,136.0,robotic,127000,0
Kia,Sportage,2018,64000,2.0,gasoline,1.6,132.0,automatic,147000,0
Kia,Stonic,2021,77900,1.0,gasoline,1.0,100.0,robotic,63000,0
Kia,Sorento,2022,146900,1.0,gasoline,2.5,180.0,automatic,95000,0
Kia,Niro,2019,74900,2.0,hybrid,1.6,141.0,robotic,117000,0
Kia,Stonic,2021,59000,1.0,gasoline,1.0,100.0,robotic,136000,0
Kia,Seltos,2021,89900,1.0,gasoline,2.0,149.0,variable,74000,0
Kia,Stonic,2021,69800,2.0,gasoline,1.4,100.0,automatic,74000,0
Kia,Sportage,2015,49900,1.0,gasoline,1.6,133.0,automatic,131000,0
Kia,Niro,2020,100000,3.0,hybrid,1.6,141.0,robotic,76000,0
Kia,Picanto,2020,67000,1.0,gasoline,1.2,84.0,automatic,75000,0
Kia,Sportage,2019,78900,3.0,gasoline,1.6,177.0,robotic,123000,0
Kia,Sportage,2015,38000,1.0,gasoline,1.6,133.0,automatic,170000,0
Kia,Niro,2019,85000,1.0,plug-in,1.6,141.0,robotic,104000,0
Kia,Sportage,2015,25000,3.0,gasoline,1.6,133.0,automatic,208000,0
Kia,Picanto,2021,66000,1.0,gasoline,1.2,84.0,robotic,69200,0
Kia,Picanto,2015,28800,1.0,gasoline,1.2,85.0,automatic,133000,0
Kia,Picanto,2020,49900,2.0,gasoline,1.2,84.0,automatic,82000,0
Kia,Sportage,2020,93000,2.0,gasoline,1.6,177.0,robotic,77000,0
Kia,Ceed,2018,25000,2.0,gasoline,1.6,135.0,robotic,200000,0
Kia,Xceed,2021,77105,2.0,gasoline,1.4,140.0,robotic,78280,0
Kia,Rio,2016,22000,3.0,gasoline,1.4,109.0,automatic,177000,0
Kia,Stonic,2020,68000,1.0,gasoline,1.0,120.0,robotic,62000,0
Kia,Sportage,2017,59000,2.0,gasoline,1.6,132.0,automatic,114000,0
Kia,Picanto,2016,25000,3.0,gasoline,1.2,85.0,automatic,190000,0
Kia,Ceed,2015,20000,3.0,gasoline,1.6,135.0,robotic,194000,0
Kia,Niro,2022,108000,2.0,plug-in,1.6,141.0,robotic,59480,0
Kia,Picanto,2022,75000,1.0,gasoline,1.2,84.0,robotic,35000,0
Kia,Stonic,2020,62600,2.0,gasoline,1.0,120.0,robotic,82000,0
Kia,Sorento,2018,120000,1.0,diesel,2.2,200.0,automatic,152000,0
Kia,Xceed,2021,79485,1.0,gasoline,1.4,140.0,robotic,59035,0
Kia,Stonic,2024,102505,1.0,gasoline,1.4,100.0,automatic,52347,0
Kia,Stonic,2024,103455,1.0,gasoline,1.0,100.0,robotic,44521,0
Kia,Stonic,2023,101505,1.0,gasoline,1.0,100.0,robotic,44738,0
Kia,Stonic,2023,101825,1.0,gasoline,1.4,100.0,automatic,28000,0
Kia,Stonic,2022,87945,2.0,gasoline,1.4,100.0,automatic,77555,0
Kia,Stonic,2022,92765,1.0,gasoline,1.0,100.0,robotic,66200,0
Kia,Stonic,2022,83155,1.0,gasoline,1.0,100.0,robotic,104781,0
Kia,Stonic,2021,91435,1.0,gasoline,1.0,100.0,robotic,54000,0
Kia,Stonic,2021,87845,1.0,gasoline,1.0,100.0,robotic,45809,0
Kia,Stonic,2019,73155,1.0,gasoline,1.0,120.0,robotic,82000,0
Kia,Stonic,2018,71455,2.0,gasoline,1.0,120.0,robotic,93079,0
Kia,Sportage,2024,193995,1.0,hybrid,1.6,230.0,automatic,24475,0
Kia,Sportage,2022,168625,1.0,hybrid,1.6,230.0,automatic,43000,0
Kia,Sportage,2024,161155,1.0,gasoline,1.6,180.0,robotic,42545,0
Kia,Sportage,2024,149995,1.0,gasoline,1.6,160.0,robotic,19402,0
Kia,Sportage,2024,166995,1.0,gasoline,1.6,180.0,robotic,11000,0
Kia,Sportage,2023,141820,1.0,gasoline,2.0,156.0,automatic,90245,0
Kia,Sportage,2023,144335,1.0,gasoline,1.6,180.0,robotic,75665,0
Kia,Sportage,2023,139895,1.0,gasoline,2.0,156.0,automatic,35540,0
Kia,Xceed,2021,60000,1.0,gasoline,1.4,140.0,robotic,142396,0
Kia,Picanto,2025,94000,1.0,gasoline,1.2,79.0,robotic,13000,0
Kia,Sorento,2022,150000,1.0,gasoline,2.5,180.0,automatic,66000,0
Kia,Niro,2021,115000,1.0,hybrid,1.6,141.0,robotic,37000,0
Kia,Niro,2017,59500,1.0,hybrid,1.6,141.0,robotic,171000,0
Kia,Niro,2019,81000,2.0,hybrid,1.6,141.0,robotic,220000,0
Kia,Sportage,2019,68000,2.0,diesel,1.6,136.0,robotic,95600,0
Kia,Sportage,2023,150950,1.0,gasoline,1.6,180.0,robotic,24000,0
Kia,Sportage,2022,121225,2.0,gasoline,1.6,177.0,robotic,50600,0
Kia,Sportage,2022,112675,2.0,gasoline,1.6,177.0,robotic,41747,0
Kia,Sportage,2022,132835,1.0,gasoline,1.6,180.0,robotic,90000,0
Kia,Sportage,2022,113205,1.0,gasoline,1.6,177.0,robotic,89000,0
Kia,Sportage,2022,113935,1.0,gasoline,1.6,177.0,robotic,70315,0
Kia,Sportage,2022,130335,1.0,gasoline,1.6,180.0,robotic,66795,0
Kia,Sportage,2022,127785,1.0,gasoline,1.6,180.0,robotic,61220,0
Kia,Sportage,2022,133595,1.0,gasoline,1.6,180.0,robotic,52000,0
Kia,Sportage,2022,145085,1.0,gasoline,1.6,180.0,robotic,37000,0
Kia,Sportage,2022,126335,1.0,gasoline,1.6,177.0,robotic,34576,0
Kia,Sportage,2022,133315,1.0,gasoline,1.6,180.0,robotic,12797,0
Kia,Sportage,2022,113835,1.0,gasoline,1.6,180.0,robotic,125704,0
Kia,Sportage,2022,83355,1.0,diesel,1.6,136.0,automatic,117588,0
Kia,Sportage,2021,93495,3.0,gasoline,2.0,155.0,automatic,79000,0
Kia,Sportage,2021,103195,2.0,gasoline,1.6,177.0,robotic,70336,0
Kia,Sportage,2021,111815,2.0,gasoline,1.6,177.0,robotic,69221,0
Kia,Sportage,2021,113155,2.0,gasoline,1.6,177.0,robotic,62800,0
Kia,Sportage,2021,109545,2.0,gasoline,1.6,177.0,robotic,58518,0
Kia,Sportage,2021,105175,2.0,gasoline,1.6,177.0,robotic,41575,0
Kia,Stonic,2023,99500,1.0,gasoline,1.4,100.0,automatic,42000,0
Kia,Niro,2019,83000,3.0,hybrid,1.6,141.0,robotic,127000,0
Kia,Sportage,2016,52000,3.0,gasoline,1.6,132.0,automatic,129632,0
Kia,Niro,2020,100000,2.0,plug-in,1.6,141.0,robotic,77000,0
Kia,Seltos,2024,116000,1.0,gasoline,2.0,149.0,automatic,26000,0
Kia,Niro,2021,86000,2.0,plug-in,1.6,141.0,robotic,147000,0
Kia,Niro,2018,79000,1.0,hybrid,1.6,141.0,robotic,77000,0
Kia,Sportage,2021,104995,1.0,gasoline,1.6,177.0,robotic,87576,0
Kia,Sportage,2021,104995,1.0,gasoline,1.6,177.0,robotic,86553,0
Kia,Sportage,2021,109055,1.0,gasoline,1.6,177.0,robotic,77532,0
Kia,Sportage,2021,105675,1.0,gasoline,1.6,177.0,robotic,75805,0
Kia,Sportage,2021,112895,1.0,gasoline,1.6,177.0,robotic,54000,0
Kia,Sportage,2021,101495,1.0,gasoline,1.6,177.0,robotic,116706,0
Kia,Sportage,2021,103050,1.0,gasoline,1.6,177.0,robotic,124000,0
Kia,Sportage,2020,97425,2.0,gasoline,1.6,177.0,robotic,87368,0
Kia,Sportage,2020,97945,2.0,gasoline,1.6,177.0,robotic,84000,0
Kia,Sportage,2020,96045,2.0,gasoline,1.6,177.0,robotic,81390,0
Kia,Sportage,2020,101885,2.0,gasoline,1.6,177.0,robotic,74595,0
Kia,Sportage,2020,96325,2.0,gasoline,1.6,177.0,robotic,66278,0
Kia,Sportage,2020,100245,2.0,gasoline,1.6,177.0,robotic,52600,0
Kia,Sportage,2020,100235,2.0,gasoline,1.6,177.0,robotic,50900,0
Kia,Sportage,2020,78225,2.0,diesel,1.6,136.0,robotic,136111,0
Kia,Sportage,2020,90645,1.0,gasoline,1.6,177.0,robotic,91785,0
Kia,Sportage,2020,103235,1.0,gasoline,2.0,155.0,automatic,73426,0
Kia,Sportage,2020,100425,1.0,gasoline,1.6,177.0,robotic,83868,0
Kia,Sportage,2020,110185,1.0,gasoline,1.6,177.0,robotic,49725,0
Kia,Sportage,2019,90835,1.0,gasoline,2.0,155.0,automatic,112079,0
Kia,Sorento,2018,125000,1.0,gasoline,2.4,188.0,automatic,200000,0
Kia,Sportage,2023,160000,1.0,gasoline,2.0,156.0,automatic,25038,0
Kia,Sportage,2020,80500,2.0,gasoline,1.6,177.0,robotic,94000,0
Kia,Picanto,2020,69000,1.0,gasoline,1.2,84.0,automatic,80000,0
Kia,Ceed,2019,40000,3.0,gasoline,1.4,140.0,robotic,209058,0
Kia,Sportage,2023,132000,2.0,gasoline,2.0,156.0,automatic,43000,0
Kia,Niro Plus,2022,126000,2.0,plug-in,1.6,141.0,robotic,20000,0
Kia,Niro,2018,67000,2.0,hybrid,1.6,141.0,robotic,150000,0
Kia,Niro,2019,73900,2.0,hybrid,1.6,141.0,robotic,141000,0
Kia,Sportage,2018,86395,2.0,gasoline,1.6,177.0,robotic,86960,0
Kia,Sportage,2018,73795,2.0,gasoline,1.6,132.0,automatic,68300,0
Kia,Sportage,2018,60355,2.0,gasoline,1.6,132.0,automatic,157348,0
Kia,Sportage,2018,80735,1.0,gasoline,1.6,177.0,robotic,115000,0
Kia,Sportage,2017,62095,2.0,gasoline,1.6,132.0,automatic,98145,0
Kia,Sportage,2017,72325,2.0,gasoline,1.6,132.0,automatic,104000,0
Kia,Sportage,2016,75945,2.0,gasoline,1.6,177.0,robotic,93000,0
Kia,Sportage,2015,54475,3.0,gasoline,1.6,133.0,automatic,100000,0
Kia,Sportage,2015,51935,2.0,gasoline,1.6,133.0,automatic,119575,0
Kia,Sportage,2015,56385,2.0,gasoline,1.6,133.0,automatic,101000,0
Kia,Seltos,2024,106175,2.0,gasoline,2.0,149.0,automatic,113178,0
Kia,Seltos,2024,132395,1.0,gasoline,2.0,149.0,automatic,32994,0
Kia,Seltos,2023,103345,1.0,gasoline,2.0,149.0,automatic,70151,0
Kia,Seltos,2023,114395,1.0,gasoline,2.0,149.0,automatic,69493,0
Kia,Seltos,2023,120115,1.0,gasoline,2.0,149.0,automatic,58080,0
Kia,Seltos,2023,124395,1.0,gasoline,2.0,149.0,automatic,24000,0
Kia,Seltos,2022,102855,1.0,gasoline,2.0,149.0,variable,92331,0
Kia,Seltos,2022,99955,1.0,gasoline,2.0,149.0,variable,74000,0
Kia,Seltos,2022,112355,1.0,gasoline,2.0,149.0,variable,68895,0
Kia,Seltos,2022,116295,1.0,gasoline,2.0,149.0,variable,48750,0
Kia,Sorento,2023,275000,1.0,gasoline,2.5,180.0,automatic,63000,0
Kia,Sportage,2019,72500,2.0,diesel,1.6,136.0,robotic,124000,0
Kia,Sportage,2015,37000,3.0,gasoline,1.6,133.0,automatic,166000,0
Kia,Sportage,2019,75000,2.0,diesel,1.6,136.0,robotic,165000,0
Kia,Sportage,2017,46500,2.0,gasoline,1.6,132.0,automatic,188000,0
Kia,Picanto,2019,60000,2.0,gasoline,1.2,84.0,automatic,24500,0
Kia,Niro,2020,107000,1.0,hybrid,1.6,141.0,robotic,92000,0
Kia,Sportage,2021,90000,1.0,gasoline,1.6,177.0,robotic,100000,0
Kia,Picanto,2020,65000,3.0,gasoline,1.2,84.0,automatic,109000,0
Kia,Ceed,2016,18000,3.0,gasoline,1.6,135.0,robotic,195000,0
Kia,Seltos,2022,112855,1.0,gasoline,2.0,149.0,variable,48303,0
Kia,Seltos,2022,113925,1.0,gasoline,2.0,149.0,variable,40500,0
Kia,Seltos,2022,118805,1.0,gasoline,2.0,149.0,variable,32810,0
Kia,Seltos,2022,113855,1.0,gasoline,2.0,149.0,variable,36679,0
Kia,Seltos,2022,123145,1.0,gasoline,2.0,149.0,variable,21504,0
Kia,Seltos,2021,93895,2.0,gasoline,2.0,149.0,variable,96000,0
Kia,Seltos,2021,94085,2.0,gasoline,2.0,149.0,variable,93000,0
Kia,Seltos,2021,93375,1.0,gasoline,2.0,149.0,variable,74000,0
Kia,Seltos,2021,97965,1.0,gasoline,2.0,149.0,variable,70085,0
Kia,Seltos,2021,102955,1.0,gasoline,2.0,149.0,variable,43000,0
Kia,Seltos,2020,78185,1.0,gasoline,2.0,149.0,variable,110184,0
Kia,Rio,2021,77255,2.0,gasoline,1.0,100.0,robotic,92528,0
Kia,Rio,2021,82505,1.0,gasoline,1.0,100.0,robotic,94175,0
Kia,Rio,2015,36900,3.0,gasoline,1.4,109.0,automatic,134000,0
Kia,Picanto,2025,97695,1.0,gasoline,1.2,79.0,robotic,9700,0
Kia,Picanto,2024,83165,2.0,gasoline,1.2,84.0,robotic,10111,0
Kia,Picanto,2024,97585,1.0,gasoline,1.2,84.0,robotic,8400,0
Kia,Picanto,2024,94585,1.0,gasoline,1.2,84.0,robotic,35895,0
Kia,Picanto,2024,92185,1.0,gasoline,1.2,84.0,robotic,30000,0
Kia,Picanto,2024,93595,1.0,gasoline,1.2,84.0,robotic,30000,0
Kia,Picanto,2022,53000,1.0,gasoline,1.2,84.0,robotic,104500,0
Kia,Niro,2018,81000,1.0,hybrid,1.6,141.0,robotic,135000,0
Kia,Picanto,2021,60000,3.0,gasoline,1.2,84.0,robotic,90000,0
Kia,Sportage,2021,90000,2.0,gasoline,1.6,177.0,robotic,88000,0
Kia,Stonic,2023,95750,2.0,gasoline,1.0,100.0,robotic,11600,0
Kia,Stonic,2019,54000,2.0,gasoline,1.0,120.0,robotic,79000,0
Kia,Stonic,2018,65000,1.0,gasoline,1.0,120.0,robotic,121500,0
Kia,Niro,2021,93000,2.0,plug-in,1.6,141.0,robotic,107000,0
Kia,Picanto,2024,93965,1.0,gasoline,1.2,84.0,robotic,26200,0
Kia,Picanto,2024,93355,1.0,gasoline,1.2,84.0,robotic,22000,0
Kia,Picanto,2023,69990,2.0,gasoline,1.2,84.0,robotic,60750,0
Kia,Picanto,2023,81495,2.0,gasoline,1.2,84.0,robotic,43000,0
Kia,Picanto,2023,73255,2.0,gasoline,1.2,84.0,robotic,12733,0
Kia,Picanto,2023,77495,1.0,gasoline,1.2,84.0,robotic,66000,0
Kia,Picanto,2023,90245,1.0,gasoline,1.2,84.0,robotic,5500,0
Kia,Picanto,2023,88895,1.0,gasoline,1.2,84.0,robotic,52535,0
Kia,Picanto,2023,83465,1.0,gasoline,1.2,84.0,robotic,44000,0
Kia,Picanto,2023,85445,1.0,gasoline,1.2,84.0,robotic,41247,0
Kia,Picanto,2023,82325,1.0,gasoline,1.2,84.0,robotic,36600,0
Kia,Picanto,2023,80875,1.0,gasoline,1.2,84.0,robotic,33802,0
Kia,Picanto,2023,81925,1.0,gasoline,1.2,84.0,robotic,27077,0
Kia,Picanto,2023,85945,1.0,gasoline,1.2,84.0,robotic,22000,0
Kia,Picanto,2023,83855,1.0,gasoline,1.2,84.0,robotic,20270,0
Kia,Picanto,2023,92465,1.0,gasoline,1.2,84.0,robotic,17040,0
Kia,Picanto,2023,87465,1.0,gasoline,1.2,84.0,robotic,16800,0
Kia,Picanto,2022,67455,2.0,gasoline,1.2,84.0,robotic,67010,0
Kia,Picanto,2022,76295,2.0,gasoline,1.2,84.0,robotic,45000,0
Kia,Picanto,2022,67395,2.0,gasoline,1.2,84.0,robotic,26500,0
Kia,Sportage,2017,53000,3.0,gasoline,2.0,155.0,automatic,193000,0
Kia,Seltos,2022,104000,2.0,gasoline,2.0,149.0,variable,47200,0
Kia,Niro,2019,79500,2.0,hybrid,1.6,141.0,robotic,170000,0
Kia,Niro Plus,2023,145000,1.0,hybrid,1.6,141.0,robotic,17000,0
Kia,Picanto,2020,71000,1.0,gasoline,1.2,84.0,automatic,69000,0
Kia,Picanto,2022,70800,3.0,gasoline,1.2,84.0,robotic,31400,0
Kia,Niro Plus,2022,130000,1.0,plug-in,1.6,141.0,robotic,150000,0
Kia,Sportage,2020,57000,2.0,diesel,1.6,136.0,robotic,216000,0
Kia,Picanto,2022,75225,2.0,gasoline,1.2,84.0,robotic,21200,0
Kia,Picanto,2022,71525,1.0,gasoline,1.2,84.0,robotic,82436,0
Kia,Picanto,2022,73225,1.0,gasoline,1.2,84.0,robotic,47000,0
Kia,Picanto,2022,81265,1.0,gasoline,1.2,84.0,robotic,46810,0
Kia,Picanto,2022,65135,1.0,gasoline,1.2,84.0,robotic,38000,0
Kia,Picanto,2022,81225,1.0,gasoline,1.2,84.0,robotic,33255,0
Kia,Picanto,2022,73075,1.0,gasoline,1.2,84.0,robotic,25476,0
Kia,Picanto,2022,81315,1.0,gasoline,1.2,84.0,robotic,20770,0
Kia,Picanto,2022,53995,1.0,gasoline,1.2,84.0,robotic,144580,0
Kia,Picanto,2021,63075,3.0,gasoline,1.2,84.0,robotic,80000,0
Kia,Picanto,2021,63885,2.0,gasoline,1.2,84.0,robotic,72500,0
Kia,Picanto,2021,85895,2.0,gasoline,1.2,84.0,robotic,34330,0
Kia,Picanto,2021,63375,2.0,gasoline,1.2,84.0,robotic,33000,0
Kia,Picanto,2021,78345,2.0,gasoline,1.2,84.0,robotic,26000,0
Kia,Picanto,2021,77435,1.0,gasoline,1.2,84.0,robotic,75590,0
Kia,Picanto,2021,73455,1.0,gasoline,1.2,84.0,robotic,62952,0
Kia,Picanto,2021,70505,1.0,gasoline,1.2,84.0,robotic,49300,0
Kia,Picanto,2021,78375,1.0,gasoline,1.2,84.0,robotic,44505,0
Kia,Picanto,2021,78785,1.0,gasoline,1.2,84.0,robotic,27362,0
Kia,Picanto,2021,83355,1.0,gasoline,1.2,84.0,robotic,15762,0
Kia,Picanto,2016,35000,3.0,gasoline,1.2,85.0,automatic,71000,0
Kia,Niro,2019,79000,1.0,hybrid,1.6,141.0,robotic,136000,0
Kia,Picanto,2022,75000,1.0,gasoline,1.2,84.0,robotic,60000,0
Kia,Niro,2018,72000,3.0,hybrid,1.6,141.0,robotic,150000,0
Kia,Sportage,2020,103000,2.0,gasoline,1.6,177.0,robotic,39500,0
Kia,Sportage,2021,95000,2.0,gasoline,1.6,177.0,robotic,82000,0
Kia,Picanto,2023,85000,1.0,gasoline,1.2,84.0,robotic,45000,0
Kia,Niro,2021,86200,2.0,plug-in,1.6,141.0,robotic,170000,0
Kia,Picanto,2021,73655,1.0,gasoline,1.2,84.0,robotic,13532,0
Kia,Picanto,2021,86145,1.0,gasoline,1.2,84.0,robotic,13474,0
Kia,Picanto,2021,73145,1.0,gasoline,1.2,84.0,robotic,113096,0
Kia,Picanto,2020,60115,3.0,gasoline,1.2,84.0,automatic,111224,0
Kia,Picanto,2020,74505,2.0,gasoline,1.2,84.0,automatic,80995,0
Kia,Picanto,2020,73245,2.0,gasoline,1.2,84.0,automatic,76029,0
Kia,Picanto,2020,68025,2.0,gasoline,1.2,84.0,automatic,66000,0
Kia,Picanto,2020,70315,2.0,gasoline,1.2,84.0,automatic,43260,0
Kia,Picanto,2020,63755,1.0,gasoline,1.2,84.0,automatic,97932,0
Kia,Picanto,2020,73495,1.0,gasoline,1.2,84.0,automatic,74152,0
Kia,Picanto,2020,77990,1.0,gasoline,1.2,84.0,automatic,69600,0
Kia,Picanto,2020,72685,1.0,gasoline,1.2,84.0,automatic,67134,0
Kia,Picanto,2020,73885,1.0,gasoline,1.2,84.0,automatic,67090,0
Kia,Picanto,2020,79785,1.0,gasoline,1.2,84.0,automatic,40301,0
Kia,Picanto,2020,83485,1.0,gasoline,1.2,84.0,automatic,4109,0
Kia,Picanto,2020,79815,1.0,gasoline,1.2,84.0,automatic,33485,0
Kia,Picanto,2020,69685,1.0,gasoline,1.2,84.0,automatic,110700,0
Kia,Picanto,2020,70885,1.0,gasoline,1.2,84.0,automatic,102125,0
Kia,Picanto,2019,53155,3.0,gasoline,1.2,84.0,automatic,99000,0
Kia,Picanto,2019,65265,2.0,gasoline,1.2,84.0,automatic,82176,0
Kia,Picanto,2019,59000,2.0,gasoline,1.2,84.0,automatic,70000,0
Kia,Sportage,2017,56000,2.0,gasoline,1.6,132.0,automatic,110000,0
Kia,Sportage,2021,85000,2.0,diesel,1.6,136.0,robotic,64466,0
Kia,Picanto,2023,78000,1.0,gasoline,1.2,84.0,robotic,30000,0
Kia,Sportage,2017,57000,2.0,gasoline,1.6,177.0,robotic,92000,0
Kia,Sportage,2015,38000,2.0,gasoline,1.6,133.0,automatic,201500,0
Kia,Sorento,2016,70000,1.0,gasoline,2.4,188.0,automatic,184000,0
Kia,Stonic,2019,67000,2.0,gasoline,1.0,120.0,robotic,141000,0
Kia,Niro,2024,165000,2.0,electro,,,automatic,8300,1
Toyota,Camry,2021,121000,2.0,hybrid,2.5,218.0,variable,115000,0
Toyota,Corolla,2021,83900,1.0,hybrid,1.8,121.0,variable,82000,0
Toyota,Corolla,2019,79900,2.0,hybrid,1.8,121.0,variable,81000,0
Toyota,Corolla,2022,77000,1.0,hybrid,1.8,98.0,variable,150000,0
Toyota,C Hr,2019,88900,4.0,hybrid,1.8,122.0,automatic,88000,0
Toyota,Rav4,2016,65500,2.0,gasoline,2.0,152.0,variable,172000,0
Toyota,Prius,2017,61800,3.0,hybrid,1.8,98.0,variable,168000,0
Toyota,Corolla,2019,79800,2.0,hybrid,1.8,121.0,variable,74000,0
Toyota,Corolla,2020,74800,2.0,gasoline,1.6,132.0,variable,47000,0
Toyota,Corolla,2020,84900,1.0,hybrid,1.8,121.0,variable,84000,0
Toyota,Corolla,2019,68800,3.0,hybrid,1.8,121.0,variable,145000,0
Toyota,Corolla,2022,106900,1.0,hybrid,1.8,121.0,variable,36000,0
Toyota,Corolla,2022,89900,1.0,hybrid,1.8,121.0,variable,73000,0
Toyota,Corolla,2022,85900,1.0,hybrid,1.8,98.0,variable,81000,0
Toyota,Yaris Cross,2023,114000,1.0,hybrid,1.5,116.0,variable,60690,0
Toyota,Prius,2016,51900,2.0,hybrid,1.8,98.0,variable,184000,0
Toyota,Auris,2017,45000,3.0,hybrid,1.8,136.0,variable,247000,0
Toyota,Corolla,2020,85000,2.0,hybrid,1.8,121.0,variable,122000,0
Toyota,Corolla,2015,33000,2.0,gasoline,1.6,132.0,variable,220000,0
Toyota,Corolla Cross,2023,155000,1.0,hybrid,1.8,140.0,variable,42500,0
Toyota,Auris,2017,45000,2.0,hybrid,1.8,136.0,variable,240000,0
Toyota,Corolla,2021,90000,2.0,hybrid,1.8,121.0,variable,100000,0
Toyota,Yaris,2021,97995,2.0,hybrid,1.5,100.0,variable,76114,0
Toyota,Yaris,2021,83155,2.0,hybrid,1.5,100.0,variable,137765,0
Toyota,Yaris,2025,123445,2.0,hybrid,1.5,116.0,variable,11700,0
Toyota,Yaris Cross,2024,134155,1.0,hybrid,1.5,116.0,variable,18648,0
Toyota,Yaris Cross,2023,133505,1.0,hybrid,1.5,116.0,variable,43600,0
Toyota,Yaris,2018,52045,2.0,gasoline,1.5,112.0,variable,170000,0
Toyota,Corolla,2023,112125,1.0,hybrid,1.8,98.0,variable,96000,0
Toyota,Corolla,2023,112405,1.0,hybrid,1.8,98.0,variable,91576,0
Toyota,Corolla,2023,105505,1.0,hybrid,1.8,121.0,variable,85805,0
Toyota,Corolla,2022,100545,1.0,hybrid,1.8,121.0,variable,87051,0
Toyota,Corolla,2021,92385,2.0,hybrid,1.8,121.0,variable,129800,0
Toyota,Corolla,2019,93915,2.0,hybrid,1.8,121.0,variable,99000,0
Toyota,Corolla Cross,2024,169225,1.0,hybrid,1.8,140.0,variable,41899,0
Toyota,Corolla Cross,2023,143995,1.0,hybrid,1.8,140.0,variable,76907,0
Toyota,Corolla,2023,103565,1.0,gasoline,1.5,125.0,variable,65013,0
Toyota,C Hr,2021,115815,1.0,hybrid,1.8,122.0,variable,88448,0
Toyota,Camry,2021,155000,1.0,hybrid,2.5,218.0,variable,130,0
Toyota,Camry,2020,99000,2.0,hybrid,2.5,218.0,variable,178000,0
Toyota,Camry,2023,167000,2.0,hybrid,2.5,218.0,variable,63800,0
Toyota,Rav4,2015,42200,4.0,gasoline,2.0,151.0,variable,151000,0
Toyota,Corolla,2015,40000,3.0,gasoline,1.6,132.0,variable,187000,0
Toyota,C Hr,2022,126715,1.0,hybrid,1.8,122.0,variable,87000,0
Toyota,C Hr,2021,121835,1.0,hybrid,1.8,122.0,variable,85986,0
Toyota,C Hr,2019,83955,2.0,hybrid,1.8,122.0,automatic,156730,0
Toyota,C Hr,2019,90995,1.0,hybrid,1.8,122.0,automatic,144000,0
Toyota,C Hr,2018,93965,1.0,hybrid,1.8,122.0,automatic,126425,0
Toyota,Aygo,2023,80675,1.0,gasoline,1.0,72.0,variable,63596,0
Toyota,Aygo,2023,82925,1.0,gasoline,1.0,72.0,variable,46045,0
Toyota,Aygo,2023,83865,1.0,gasoline,1.0,72.0,variable,35802,0
Toyota,Aygo,2023,84445,1.0,gasoline,1.0,72.0,variable,31153,0
Toyota,Aygo,2023,86125,1.0,gasoline,1.0,72.0,variable,25266,0
Toyota,C Hr,2023,136000,1.0,hybrid,1.8,122.0,variable,30500,0
Toyota,Corolla,2022,87000,2.0,hybrid,1.8,121.0,variable,97000,0
Toyota,Rav4,2021,173000,2.0,hybrid,2.5,218.0,automatic,81000,0
Toyota,Rav4,2021,185000,2.0,hybrid,2.5,218.0,automatic,113000,0
Toyota,Yaris Cross,2022,110000,1.0,hybrid,1.5,116.0,variable,76000,0
Toyota,C Hr,2021,115000,2.0,hybrid,1.8,122.0,variable,37000,0
Toyota,Corolla,2019,74000,2.0,hybrid,1.8,121.0,variable,158000,0
Toyota,Corolla,2021,72000,2.0,hybrid,1.8,121.0,variable,155000,0
Toyota,Corolla,2020,94990,2.0,hybrid,1.8,121.0,variable,79000,0
Toyota,Auris,2017,72000,1.0,hybrid,1.8,136.0,variable,69000,0
Toyota,Camry,2022,125000,1.0,hybrid,2.5,218.0,variable,160000,0
Toyota,Yaris Cross,2024,129990,1.0,hybrid,1.5,116.0,variable,45000,0
Toyota,Corolla Cross,2023,142000,1.0,hybrid,1.8,140.0,variable,11000,0
Toyota,Corolla,2020,85000,1.0,hybrid,1.8,121.0,variable,177000,0
Toyota,C Hr,2017,73000,2.0,hybrid,1.8,122.0,automatic,173000,0
Toyota,Corolla,2021,114000,1.0,hybrid,1.8,121.0,variable,39500,0
Toyota,Yaris,2022,96000,2.0,hybrid,1.5,100.0,variable,95372,0
Toyota,Rav4,2025,278000,1.0,hybrid,2.5,222.0,variable,1300,0
Toyota,Corolla,2021,90000,4.0,hybrid,1.8,121.0,variable,59000,0
Toyota,Corolla,2021,70000,2.0,hybrid,1.8,98.0,variable,186000,0
Toyota,C Hr,2019,88000,2.0,hybrid,1.8,122.0,automatic,115000,0
Toyota,Aygo,2019,38000,3.0,gasoline,1.0,72.0,robotic,84000,0
Toyota,C Hr,2019,97990,1.0,hybrid,1.8,122.0,automatic,92000,0
Toyota,Corolla,2018,55000,2.0,gasoline,1.6,132.0,variable,124000,0
Toyota,Yaris,2021,74990,1.0,hybrid,1.5,100.0,variable,159000,0
Toyota,Aygo,2022,68990,2.0,gasoline,1.0,72.0,variable,44000,0
Toyota,Rav4,2021,169000,1.0,hybrid,2.5,218.0,automatic,78000,0
Toyota,Corolla,2023,113000,1.0,hybrid,1.8,98.0,variable,83000,0
Toyota,Corolla Cross,2026,159900,1.0,hybrid,1.8,140.0,variable,15,0
Toyota,Rav4,2021,200000,1.0,hybrid,2.5,222.0,automatic,47000,0
Toyota,Corolla,2021,110000,2.0,hybrid,1.8,121.0,variable,120000,0
Toyota,Corolla,2023,140000,1.0,hybrid,1.8,98.0,variable,29000,0
Toyota,C Hr,2018,68000,2.0,hybrid,1.8,122.0,automatic,149000,0
Toyota,Corolla,2021,80000,1.0,hybrid,1.8,121.0,variable,86000,0
Toyota,C Hr,2020,85000,2.0,hybrid,1.8,122.0,variable,113000,0
Toyota,Prius,2021,120000,1.0,hybrid,1.8,136.0,automatic,108896,0
Toyota,Corolla,2022,99200,2.0,hybrid,1.8,121.0,variable,130000,0
Toyota,Rav4,2025,350000,1.0,hybrid,2.5,218.0,variable,5000,0
Toyota,Corolla,2019,69500,3.0,hybrid,1.8,121.0,variable,165000,0
Toyota,Corolla,2019,99990,2.0,hybrid,1.8,121.0,variable,87000,0
Toyota,Corolla,2017,43000,2.0,gasoline,1.6,132.0,variable,161831,0
Toyota,Aygo,2023,73000,2.0,gasoline,1.0,72.0,variable,57000,0
Toyota,Yaris,2021,89000,1.0,hybrid,1.5,116.0,variable,133000,0
Toyota,Camry,2021,129000,1.0,hybrid,2.5,218.0,variable,175000,0
Toyota,Corolla Cross,2025,161000,1.0,hybrid,1.8,140.0,variable,9000,0
Toyota,Corolla,2021,94990,2.0,hybrid,1.8,121.0,variable,65000,0
Toyota,Corolla,2020,99990,1.0,hybrid,1.8,121.0,variable,114000,0
Toyota,Corolla,2016,44000,3.0,gasoline,1.6,132.0,variable,181000,0
Toyota,Corolla,2021,108000,2.0,hybrid,1.8,121.0,variable,58000,0
Toyota,Corolla,2017,46000,4.0,gasoline,1.6,132.0,variable,232000,0
Toyota,Prius,2018,49000,3.0,hybrid,1.8,122.0,variable,273600,0
Toyota,Rav4,2022,170000,1.0,hybrid,2.5,218.0,automatic,45544,0
Toyota,Yaris Cross,2023,109900,1.0,hybrid,1.5,116.0,variable,102000,0
Toyota,Camry,2023,149900,1.0,hybrid,2.5,218.0,variable,77000,0
Toyota,Corolla,2020,97900,1.0,hybrid,1.8,121.0,variable,115000,0
Toyota,Corolla,2020,91900,1.0,hybrid,1.8,121.0,variable,110000,0
Toyota,C Hr,2018,85000,1.0,hybrid,1.8,122.0,automatic,83900,0
Toyota,Auris,2015,42000,3.0,hybrid,1.8,136.0,variable,249,0
Toyota,Yaris,2018,75000,2.0,hybrid,1.5,100.0,variable,112500,0
Toyota,Corolla,2015,39000,3.0,gasoline,1.6,132.0,variable,160000,0
Toyota,Corolla,2018,68000,3.0,gasoline,1.6,132.0,variable,81000,0
Toyota,Yaris Cross,2023,133000,1.0,hybrid,1.5,116.0,variable,42000,0
Toyota,Auris,2017,64000,2.0,hybrid,1.8,136.0,variable,142200,0
Toyota,Corolla,2021,105000,1.0,hybrid,1.8,121.0,variable,151000,0
Toyota,Corolla,2020,95500,1.0,gasoline,1.6,132.0,variable,62000,0
Toyota,Corolla,2021,99999,2.0,hybrid,1.8,121.0,variable,140000,0
Toyota,Corolla,2019,85000,2.0,hybrid,1.8,121.0,variable,103000,0
Toyota,Corolla Cross,2024,175000,1.0,hybrid,1.8,140.0,variable,9800,0
Toyota,Corolla,2019,86000,2.0,hybrid,1.8,121.0,variable,116000,0
Toyota,Corolla,2020,93000,2.0,hybrid,1.8,121.0,variable,106000,0
Toyota,Rav4,2021,150000,1.0,hybrid,2.5,218.0,automatic,99400,0
Toyota,Corolla,2021,105000,1.0,hybrid,1.8,121.0,variable,140000,0
Toyota,Rav4,2020,160000,1.0,hybrid,2.5,218.0,automatic,62600,0
Toyota,Corolla,2021,103000,1.0,hybrid,1.8,98.0,variable,120000,0
Toyota,Corolla,2021,99000,1.0,hybrid,1.8,121.0,variable,77000,0
Toyota,Corolla,2019,89000,2.0,hybrid,1.8,121.0,variable,104650,0
Toyota,Rav4,2018,125000,3.0,hybrid,2.5,200.0,variable,118000,0
Hyundai,I20,2019,55900,1.0,gasoline,1.0,100.0,robotic,44000,0
Hyundai,Sonata,2021,113999,1.0,hybrid,2.0,192.0,automatic,126000,0
Hyundai,I10,2020,55800,2.0,gasoline,1.2,84.0,robotic,59000,0
Hyundai,Tucson,2019,71800,3.0,gasoline,2.0,155.0,automatic,165000,0
Hyundai,Venue,2025,99000,1.0,gasoline,1.6,123.0,variable,21000,0
Hyundai,Accent,2023,79000,1.0,gasoline,1.6,123.0,automatic,54000,0
Hyundai,Tucson,2016,59900,2.0,gasoline,2.0,155.0,robotic,142000,0
Hyundai,I10,2019,46900,2.0,gasoline,1.2,84.0,robotic,50000,0
Hyundai,Tucson,2020,99900,1.0,gasoline,1.6,177.0,robotic,98000,0
Hyundai,I20,2020,65900,2.0,gasoline,1.0,100.0,robotic,75000,0
Hyundai,Elantra,2024,134900,1.0,hybrid,1.6,139.0,robotic,70000,0
Hyundai,I10,2020,50800,2.0,gasoline,1.2,84.0,robotic,123000,0
Hyundai,Tucson,2021,122000,1.0,gasoline,1.6,180.0,robotic,93000,0
Hyundai,Bayon,2022,88500,2.0,gasoline,1.0,100.0,robotic,49450,0
Hyundai,Tucson,2017,72000,1.0,gasoline,2.0,155.0,robotic,68000,0
Hyundai,I25,2015,26500,3.0,gasoline,1.6,124.0,automatic,180000,0
Hyundai,I20,2016,47000,3.0,gasoline,1.4,100.0,automatic,69000,0
Hyundai,Sonata,2023,160000,1.0,hybrid,2.0,192.0,automatic,48800,0
Hyundai,Ioniq,2018,65000,2.0,hybrid,1.6,141.0,robotic,169000,0
Hyundai,I20,2022,74900,1.0,gasoline,1.0,100.0,robotic,85000,0
Hyundai,I10,2015,27800,4.0,gasoline,1.0,67.0,automatic,116000,0
Hyundai,I25,2018,35800,2.0,gasoline,1.4,100.0,automatic,175025,0
Hyundai,Tucson,2019,73900,2.0,gasoline,2.0,155.0,automatic,139000,0
Hyundai,Tucson,2018,82000,1.0,gasoline,1.6,177.0,robotic,75000,0
Hyundai,I35,2015,44900,2.0,gasoline,1.6,132.0,automatic,113000,0
Hyundai,Elantra,2022,123900,1.0,hybrid,1.6,139.0,robotic,30000,0
Hyundai,I10,2022,65000,1.0,gasoline,1.2,84.0,robotic,48000,0
Hyundai,I10,2018,39800,2.0,gasoline,1.2,87.0,automatic,97934,0
Hyundai,Tucson,2017,69900,1.0,gasoline,2.0,155.0,robotic,147000,0
Hyundai,Sonata,2018,49500,3.0,hybrid,2.0,193.0,automatic,195000,0
Hyundai,Tucson,2019,79000,1.0,gasoline,1.6,177.0,robotic,200000,0
Hyundai,Tucson,2022,110000,2.0,gasoline,1.6,180.0,robotic,68000,0
Hyundai,Accent,2020,55900,3.0,gasoline,1.4,123.0,automatic,109000,0
Hyundai,I35,2015,38800,2.0,gasoline,1.6,132.0,automatic,117000,0
Hyundai,I20,2023,84900,1.0,gasoline,1.0,100.0,robotic,45000,0
Hyundai,Tucson,2016,59000,3.0,gasoline,2.0,155.0,robotic,140000,0
Hyundai,I10,2017,39980,2.0,gasoline,1.2,87.0,automatic,104000,0
Hyundai,I10,2015,17000,2.0,gasoline,1.0,67.0,manual,180000,0
Hyundai,Tucson,2022,99000,3.0,gasoline,2.0,156.0,automatic,93000,0
Hyundai,Elantra,2024,130000,1.0,hybrid,1.6,139.0,robotic,37000,0
Hyundai,I20,2020,57500,2.0,gasoline,1.0,100.0,robotic,127000,0
Hyundai,I20,2016,50000,2.0,gasoline,1.4,100.0,automatic,107000,0
Hyundai,Ioniq,2020,84999,2.0,hybrid,1.6,141.0,robotic,114000,0
Hyundai,Ioniq,2021,94900,2.0,hybrid,1.6,141.0,robotic,97000,0
Hyundai,Elantra,2023,125999,1.0,hybrid,1.6,139.0,robotic,92000,0
Hyundai,Accent,2022,62800,1.0,gasoline,1.6,123.0,automatic,120000,0
Hyundai,Accent,2021,61900,1.0,gasoline,1.4,100.0,automatic,135000,0
Hyundai,I20,2023,82999,1.0,gasoline,1.0,100.0,robotic,85000,0
Hyundai,Kona,2024,144900,1.0,hybrid,1.6,139.0,robotic,17000,0
Hyundai,Tucson,2019,85000,2.0,gasoline,2.0,155.0,automatic,112000,0
Hyundai,Tucson,2020,92770,2.0,gasoline,2.0,155.0,automatic,40000,0
Hyundai,Venue,2024,117065,2.0,gasoline,1.6,123.0,variable,8076,0
Hyundai,Tucson,2023,145385,2.0,gasoline,1.6,180.0,robotic,58579,0
Hyundai,Tucson,2023,144995,2.0,gasoline,1.6,180.0,robotic,46888,0
Hyundai,Ioniq,2018,56000,2.0,hybrid,1.6,141.0,robotic,178000,0
Hyundai,Sonata,2021,101000,3.0,hybrid,2.0,192.0,automatic,118700,0
Hyundai,I20,2021,50000,1.0,gasoline,1.0,100.0,robotic,190000,0
Hyundai,Tucson,2023,127400,1.0,gasoline,1.6,180.0,robotic,62734,0
Hyundai,I20,2019,55000,3.0,gasoline,1.0,100.0,robotic,190000,0
Hyundai,Tucson,2023,153275,1.0,gasoline,1.6,180.0,robotic,35552,0
Hyundai,Tucson,2023,125485,1.0,gasoline,1.6,180.0,robotic,100000,0
Hyundai,Tucson,2022,113655,2.0,gasoline,1.6,180.0,robotic,97333,0
Hyundai,Tucson,2022,113855,2.0,gasoline,2.0,156.0,automatic,89500,0
Hyundai,Tucson,2022,136115,2.0,gasoline,1.6,180.0,robotic,54723,0
Hyundai,Tucson,2022,140485,2.0,gasoline,1.6,180.0,robotic,36952,0
Hyundai,Tucson,2022,137175,1.0,gasoline,1.6,180.0,robotic,90000,0
Hyundai,Tucson,2022,136915,1.0,gasoline,1.6,180.0,robotic,65222,0
Hyundai,Tucson,2022,140055,1.0,gasoline,1.6,180.0,robotic,62350,0
Hyundai,Tucson,2022,143175,1.0,gasoline,1.6,180.0,robotic,58000,0
Hyundai,Tucson,2022,132365,1.0,gasoline,1.6,180.0,robotic,56616,0
Hyundai,Tucson,2022,141170,1.0,gasoline,1.6,180.0,robotic,47482,0
Hyundai,Tucson,2022,133155,1.0,gasoline,1.6,180.0,robotic,48930,0
Hyundai,Tucson,2022,147795,1.0,gasoline,1.6,180.0,robotic,33500,0
Hyundai,Tucson,2021,132875,2.0,gasoline,1.6,180.0,robotic,51052,0
Hyundai,Tucson,2021,133375,1.0,gasoline,1.6,180.0,robotic,68115,0
Hyundai,Tucson,2021,119985,1.0,gasoline,1.6,180.0,robotic,66226,0
Hyundai,Tucson,2021,133995,1.0,diesel,1.6,136.0,robotic,59500,0
Hyundai,Tucson,2021,137575,1.0,gasoline,1.6,180.0,robotic,39252,0
Hyundai,Tucson,2021,138415,1.0,gasoline,1.6,180.0,robotic,26744,0
Hyundai,Ioniq,2019,50000,2.0,hybrid,1.6,141.0,robotic,198000,0
Hyundai,Tucson,2018,65000,3.0,gasoline,2.0,155.0,robotic,160000,0
Hyundai,Tucson,2023,145000,1.0,gasoline,1.6,180.0,robotic,21400,0
Hyundai,Ioniq,2020,120000,1.0,hybrid,1.6,141.0,robotic,47000,0
Hyundai,Tucson,2025,218000,1.0,hybrid,1.6,235.0,robotic,3500,0
Hyundai,Tucson,2020,109575,2.0,gasoline,2.0,155.0,automatic,58513,0
Hyundai,Tucson,2019,87815,2.0,gasoline,1.6,177.0,robotic,127545,0
Hyundai,Tucson,2018,90285,2.0,gasoline,1.6,177.0,robotic,96052,0
Hyundai,Tucson,2017,76165,2.0,gasoline,2.0,155.0,robotic,130300,0
Hyundai,Tucson,2016,59655,2.0,gasoline,1.6,132.0,automatic,104789,0
Hyundai,Sonata,2022,114995,1.0,hybrid,2.0,192.0,automatic,113873,0
Hyundai,Kona,2021,113945,2.0,hybrid,1.6,141.0,robotic,103462,0
Hyundai,Kona,2019,76255,2.0,gasoline,1.6,177.0,robotic,125681,0
Hyundai,Ioniq,2022,93995,2.0,hybrid,1.6,141.0,robotic,90284,0
Hyundai,Ioniq,2020,85705,3.0,hybrid,1.6,141.0,robotic,122590,0
Hyundai,Ioniq,2020,88300,2.0,hybrid,1.6,141.0,robotic,98621,0
Hyundai,Ioniq,2020,85685,2.0,hybrid,1.6,141.0,robotic,109000,0
Hyundai,I20,2023,105925,1.0,gasoline,1.0,100.0,robotic,9423,0
Hyundai,I20,2023,88480,1.0,gasoline,1.0,100.0,robotic,68786,0
Hyundai,I20,2023,93045,1.0,gasoline,1.0,100.0,robotic,35000,0
Hyundai,I20,2022,88805,2.0,gasoline,1.0,100.0,robotic,97545,0
Hyundai,I20,2022,91655,2.0,gasoline,1.0,100.0,robotic,41680,0
Hyundai,I20,2022,93845,1.0,gasoline,1.0,100.0,robotic,51971,0
Hyundai,Ioniq,2021,83000,2.0,hybrid,1.6,141.0,robotic,149000,0
Hyundai,I10,2016,32000,2.0,gasoline,1.0,67.0,automatic,129000,0
Hyundai,Sonata,2016,75000,3.0,hybrid,2.0,193.0,automatic,150000,0
Hyundai,Sonata,2017,63900,4.0,hybrid,2.0,193.0,automatic,140000,0
Hyundai,Ioniq,2019,65000,3.0,hybrid,1.6,141.0,robotic,175000,0
Hyundai,I10,2021,49600,3.0,gasoline,1.2,84.0,robotic,50000,0
Hyundai,I20,2016,35000,2.0,gasoline,1.4,100.0,automatic,168000,0
Hyundai,I20,2021,72840,2.0,gasoline,1.0,100.0,robotic,118000,0
Hyundai,I20,2021,58545,1.0,gasoline,1.0,100.0,robotic,131448,0
Hyundai,I20,2020,77465,2.0,gasoline,1.0,100.0,robotic,54324,0
Hyundai,I20,2020,83305,2.0,gasoline,1.0,100.0,robotic,33454,0
Hyundai,I20,2020,65465,2.0,gasoline,1.0,100.0,robotic,130000,0
Hyundai,I20,2020,70725,2.0,gasoline,1.0,100.0,robotic,129000,0
Hyundai,I20,2020,65655,2.0,gasoline,1.0,100.0,robotic,115829,0
Hyundai,I20,2020,67095,2.0,gasoline,1.0,100.0,robotic,107712,0
Hyundai,I20,2020,90755,1.0,gasoline,1.0,100.0,robotic,17658,0
Hyundai,I20,2019,72695,2.0,gasoline,1.0,100.0,robotic,71624,0
Hyundai,I20,2019,62355,2.0,gasoline,1.0,100.0,robotic,126809,0
Hyundai,I10,2024,83205,2.0,gasoline,1.2,84.0,robotic,35714,0
Hyundai,I10,2024,82155,2.0,gasoline,1.2,84.0,robotic,29225,0
Hyundai,I10,2023,88445,1.0,gasoline,1.2,84.0,robotic,8686,0
Hyundai,I10,2022,73975,2.0,gasoline,1.2,84.0,robotic,26671,0
Hyundai,I10,2022,73715,1.0,gasoline,1.2,84.0,robotic,49504,0
Hyundai,I10,2022,83505,1.0,gasoline,1.2,84.0,robotic,8729,0
Hyundai,I10,2022,80175,1.0,gasoline,1.2,84.0,robotic,32000,0
Hyundai,I10,2021,55455,2.0,gasoline,1.2,84.0,robotic,75968,0
Hyundai,I10,2021,69295,2.0,gasoline,1.2,84.0,robotic,64930,0
Hyundai,Tucson,2021,123000,1.0,gasoline,1.6,180.0,robotic,75000,0
Hyundai,Tucson,2022,113500,2.0,gasoline,1.6,180.0,robotic,100000,0
Hyundai,Tucson,2021,135000,2.0,gasoline,1.6,180.0,robotic,49400,0
Hyundai,Venue,2021,64900,2.0,gasoline,1.6,123.0,variable,90000,0
Hyundai,I10,2023,70000,3.0,gasoline,1.2,84.0,robotic,14000,0
Hyundai,I10,2018,45000,2.0,gasoline,1.2,87.0,automatic,88000,0
Hyundai,I10,2021,69255,2.0,gasoline,1.2,84.0,robotic,61850,0
Hyundai,I10,2020,67095,1.0,gasoline,1.2,84.0,robotic,80042,0
Hyundai,I10,2021,77745,1.0,gasoline,1.2,84.0,robotic,23903,0
Hyundai,I10,2019,60185,2.0,gasoline,1.2,84.0,robotic,96629,0
Hyundai,I10,2020,73955,1.0,gasoline,1.2,84.0,robotic,14949,0
Hyundai,I10,2019,59915,2.0,gasoline,1.2,87.0,automatic,92244,0
Hyundai,I10,2019,63515,2.0,gasoline,1.2,87.0,automatic,60000,0
Hyundai,I10,2019,56505,2.0,gasoline,1.2,87.0,automatic,100750,0
Hyundai,I10,2018,50735,2.0,gasoline,1.2,87.0,automatic,131011,0
Hyundai,I10,2016,36390,3.0,gasoline,1.0,67.0,automatic,81618,0
Hyundai,I10,2017,40995,2.0,gasoline,1.0,66.0,automatic,131180,0
Hyundai,I10,2015,41715,2.0,gasoline,1.0,67.0,automatic,111600,0
Hyundai,Elantra,2024,144645,2.0,hybrid,1.6,139.0,robotic,43188,0
Hyundai,Elantra,2023,133375,1.0,hybrid,1.6,139.0,robotic,39430,0
Hyundai,Elantra,2023,103995,1.0,hybrid,1.6,139.0,robotic,107261,0
Hyundai,Elantra,2022,115395,2.0,hybrid,1.6,139.0,robotic,82000,0
Hyundai,Elantra,2022,129355,2.0,hybrid,1.6,139.0,robotic,32684,0
Hyundai,Elantra,2022,113295,1.0,hybrid,1.6,139.0,robotic,109490,0
Hyundai,Elantra,2022,120295,1.0,hybrid,1.6,139.0,robotic,106505,0
Hyundai,I10,2016,25000,3.0,gasoline,1.0,67.0,automatic,185000,0
Hyundai,Ioniq,2020,75000,2.0,hybrid,1.6,141.0,robotic,138900,0
Hyundai,I10,2017,37900,2.0,gasoline,1.0,66.0,automatic,113000,0
Hyundai,Ioniq,2017,65000,2.0,hybrid,1.6,141.0,robotic,180000,0
Hyundai,Kona,2019,73000,1.0,gasoline,1.6,177.0,robotic,99000,0
Hyundai,I25,2016,25000,3.0,gasoline,1.4,100.0,automatic,150000,0
Hyundai,Sonata,2018,69000,3.0,hybrid,2.0,193.0,automatic,107000,0
Hyundai,Elantra,2023,135375,1.0,hybrid,1.6,139.0,robotic,31000,0
Hyundai,Bayon,2023,102445,1.0,gasoline,1.0,100.0,robotic,67694,0
Hyundai,Bayon,2023,107255,1.0,gasoline,1.0,120.0,robotic,54000,0
Hyundai,Bayon,2023,102755,1.0,gasoline,1.0,100.0,robotic,50865,0
Hyundai,Bayon,2023,107875,1.0,gasoline,1.0,120.0,robotic,46227,0
Hyundai,Bayon,2023,111775,1.0,gasoline,1.0,120.0,robotic,46618,0
Hyundai,Bayon,2023,100285,1.0,gasoline,1.0,100.0,robotic,29170,0
Hyundai,Bayon,2023,106455,1.0,gasoline,1.0,100.0,robotic,23000,0
Hyundai,Bayon,2023,112285,1.0,gasoline,1.0,120.0,robotic,21003,0
Hyundai,Ioniq,2019,79999,2.0,hybrid,1.6,141.0,robotic,112000,0
Hyundai,Tucson,2016,56900,3.0,gasoline,2.0,155.0,robotic,155000,0
Hyundai,Elantra,2016,23000,4.0,gasoline,1.6,128.0,automatic,207000,0
Hyundai,Sonata,2017,77000,2.0,hybrid,2.0,193.0,automatic,130000,0
Hyundai,Tucson,2023,153000,1.0,gasoline,1.6,180.0,robotic,23000,0
Hyundai,Ioniq,2019,68000,4.0,hybrid,1.6,141.0,robotic,157000,0
Hyundai,I35,2015,29950,2.0,gasoline,1.6,132.0,automatic,198000,0
Hyundai,Ioniq,2020,93000,1.0,hybrid,1.6,141.0,robotic,118000,0
Hyundai,Ioniq,2017,53000,3.0,hybrid,1.6,141.0,robotic,167000,0
Hyundai,Tucson,2016,45000,2.0,gasoline,2.0,155.0,robotic,213000,0
Hyundai,Ioniq,2017,65000,3.0,hybrid,1.6,141.0,robotic,250000,0
Hyundai,Tucson,2019,87000,3.0,gasoline,1.6,177.0,robotic,100000,0
Hyundai,I20,2021,59900,2.0,gasoline,1.0,100.0,robotic,144000,0
Hyundai,I10,2021,58000,2.0,gasoline,1.2,84.0,robotic,90000,0
Hyundai,Tucson,2016,65000,2.0,gasoline,2.0,155.0,robotic,95000,0
Hyundai,Tucson,2017,63000,2.0,gasoline,1.6,132.0,automatic,98000,0
Hyundai,I20,2019,62000,2.0,gasoline,1.0,100.0,robotic,100000,0
Hyundai,Accent,2021,59000,1.0,gasoline,1.4,100.0,automatic,107500,0
Hyundai,Tucson,2022,150000,1.0,gasoline,1.6,180.0,robotic,36000,0
Hyundai,Sonata,2023,160000,1.0,hybrid,2.0,192.0,automatic,23000,0
Hyundai,Ioniq,2017,51000,4.0,hybrid,1.6,141.0,robotic,240000,0
Hyundai,Ioniq,2020,85000,2.0,hybrid,1.6,141.0,robotic,145000,0
Hyundai,I20,2022,87500,1.0,gasoline,1.0,100.0,robotic,49700,0
Hyundai,Ioniq,2021,92000,3.0,hybrid,1.6,141.0,robotic,101000,0
Hyundai,I20,2019,67000,1.0,gasoline,1.0,100.0,robotic,140000,0
Hyundai,I20,2020,57000,2.0,gasoline,1.0,100.0,robotic,130000,0
Hyundai,I20,2020,59990,4.0,gasoline,1.0,100.0,robotic,62000,0
Hyundai,Accent,2021,56500,1.0,gasoline,1.4,100.0,automatic,107000,0
Hyundai,I20,2020,55000,1.0,gasoline,1.0,100.0,robotic,84000,0
Hyundai,I10,2021,66990,2.0,gasoline,1.2,84.0,robotic,12000,0
Hyundai,I10,2016,32000,3.0,gasoline,1.0,67.0,automatic,150000,0
Hyundai,Ioniq,2017,55000,2.0,hybrid,1.6,141.0,robotic,187700,0
Hyundai,Elantra,2021,69900,2.0,gasoline,1.6,127.0,automatic,99900,0
Hyundai,Sonata,2016,49000,3.0,hybrid,2.0,193.0,automatic,138000,0
Hyundai,Tucson,2021,96000,2.0,gasoline,1.6,180.0,robotic,124000,0
Hyundai,I10,2019,42000,2.0,gasoline,1.2,87.0,automatic,168000,0
Hyundai,Ioniq,2020,90000,2.0,hybrid,1.6,141.0,robotic,126500,0
Hyundai,I20,2021,68000,2.0,gasoline,1.0,100.0,robotic,82000,0
Skoda,Superb,2017,80000,3.0,gasoline,2.0,220.0,robotic,183000,0
Skoda,Octavia,2015,22800,2.0,gasoline,1.4,150.0,robotic,185000,0
Skoda,Rapid,2018,32800,2.0,gasoline,1.0,95.0,robotic,186244,0
Skoda,Octavia,2019,72900,1.0,gasoline,1.5,150.0,robotic,131329,0
Skoda,Karoq,2019,78900,1.0,gasoline,1.5,150.0,robotic,111000,0
Skoda,Octavia,2018,45900,2.0,gasoline,1.0,115.0,robotic,156940,0
Skoda,Enyaq Iv,2024,157900,1.0,electro,,,automatic,49000,1
Skoda,Karoq,2019,81900,1.0,gasoline,1.5,150.0,robotic,73000,0
Skoda,Superb,2021,97000,1.0,gasoline,1.5,150.0,robotic,104000,0
Skoda,Kodiaq,2021,117900,2.0,gasoline,1.5,150.0,robotic,96000,0
Skoda,Superb,2021,92999,1.0,gasoline,1.5,150.0,robotic,119000,0
Skoda,Octavia,2023,127999,1.0,gasoline,1.5,150.0,robotic,98600,0
Skoda,Octavia,2022,89900,1.0,gasoline,1.0,110.0,robotic,100000,0
Skoda,Kodiaq,2018,84900,3.0,gasoline,2.0,180.0,robotic,165742,0
Skoda,Octavia,2015,29000,3.0,gasoline,1.2,110.0,robotic,180000,0
Skoda,Scala,2023,74800,1.0,gasoline,1.0,110.0,robotic,129000,0
Skoda,Octavia,2020,65000,3.0,gasoline,1.5,150.0,robotic,151000,0
Skoda,Enyaq Iv,2023,156770,1.0,electro,,,automatic,57600,1
Skoda,Rapid,2018,34000,4.0,gasoline,1.0,95.0,robotic,263340,0
Skoda,Kamiq,2025,97000,1.0,gasoline,1.0,115.0,robotic,30000,0
Skoda,Octavia,2021,79000,2.0,gasoline,1.0,110.0,robotic,79000,0
Skoda,Kodiaq,2020,116000,2.0,gasoline,1.5,150.0,robotic,126000,0
Skoda,Kodiaq,2020,96000,2.0,gasoline,1.5,150.0,robotic,120000,0
Skoda,Scala,2020,32000,1.0,gasoline,1.0,115.0,robotic,310000,0
Skoda,Kodiaq,2019,114000,1.0,gasoline,1.4,150.0,robotic,85461,0
Skoda,Octavia,2018,38500,4.0,gasoline,1.0,116.0,robotic,182780,0
Skoda,Superb,2022,113695,1.0,gasoline,1.5,150.0,robotic,64000,0
Skoda,Superb,2019,92255,1.0,gasoline,1.5,150.0,robotic,111383,0
Skoda,Octavia,2022,133995,1.0,plug-in,1.4,204.0,robotic,59803,0
Skoda,Octavia,2019,89955,2.0,gasoline,1.5,150.0,robotic,115100,0
Skoda,Yeti,2017,47900,3.0,gasoline,1.2,110.0,robotic,137000,0
Skoda,Kodiaq,2020,123595,2.0,gasoline,1.5,150.0,robotic,98000,0
Skoda,Kodiaq,2019,97995,2.0,gasoline,1.5,150.0,robotic,119870,0
Skoda,Kodiaq,2018,108455,1.0,gasoline,2.0,180.0,robotic,49833,0
Skoda,Kamiq,2023,111105,1.0,gasoline,1.0,110.0,robotic,58200,0
Skoda,Karoq,2020,98665,1.0,gasoline,1.5,150.0,robotic,61173,0
Skoda,Kamiq,2022,120425,1.0,gasoline,1.5,150.0,robotic,65000,0
Skoda,Fabia,2017,49095,2.0,gasoline,1.0,110.0,robotic,136258,0
Skoda,Enyaq Iv,2023,143525,1.0,electro,,,automatic,96818,1
Skoda,Kodiaq,2022,112900,1.0,gasoline,1.5,150.0,robotic,118000,0
Skoda,Octavia,2019,54900,2.0,gasoline,1.0,115.0,robotic,91000,0
Skoda,Scala,2020,54990,2.0,gasoline,1.0,115.0,robotic,159000,0
Skoda,Octavia,2017,45000,2.0,gasoline,1.0,115.0,robotic,182000,0
Skoda,Fabia,2017,32500,3.0,gasoline,1.2,110.0,robotic,157614,0
Skoda,Octavia,2017,50000,2.0,gasoline,1.0,115.0,robotic,170000,0
Skoda,Kamiq,2021,77777,2.0,gasoline,1.5,150.0,robotic,91000,0
Skoda,Fabia,2021,70000,1.0,gasoline,1.0,95.0,robotic,28000,0
Skoda,Kodiaq,2021,80000,2.0,gasoline,1.5,150.0,robotic,135000,0
Skoda,Octavia,2017,44999,3.0,gasoline,1.2,110.0,robotic,185000,0
Skoda,Octavia,2020,70000,2.0,gasoline,1.5,150.0,robotic,95000,0
Skoda,Octavia,2016,23000,2.0,gasoline,1.2,110.0,robotic,150000,0
Skoda,Octavia,2017,35000,2.0,gasoline,1.0,116.0,robotic,175000,0
Skoda,Superb,2021,94500,1.0,gasoline,1.5,150.0,robotic,104000,0
Skoda,Octavia,2022,84900,1.0,gasoline,1.0,110.0,robotic,103000,0
Skoda,Kamiq,2020,83990,2.0,gasoline,1.5,150.0,robotic,94000,0
Skoda,Fabia,2018,49990,2.0,gasoline,1.0,110.0,robotic,170115,0
Skoda,Octavia,2017,43000,3.0,gasoline,1.4,150.0,robotic,179000,0
Skoda,Karoq,2020,83000,2.0,gasoline,1.5,150.0,robotic,105000,0
Skoda,Kodiaq,2020,109990,2.0,gasoline,1.5,150.0,robotic,114000,0
Skoda,Superb,2019,84990,1.0,gasoline,1.8,180.0,robotic,119000,0
Skoda,Octavia,2018,50000,2.0,gasoline,1.0,115.0,robotic,122000,0
Skoda,Kodiaq,2021,115000,1.0,gasoline,1.5,150.0,robotic,113000,0
Skoda,Kamiq,2023,83000,1.0,gasoline,1.0,110.0,robotic,104000,0
Skoda,Octavia,2015,27000,3.0,diesel,2.0,150.0,robotic,300000,0
Skoda,Octavia,2019,62000,3.0,gasoline,1.5,150.0,robotic,155000,0
Skoda,Octavia,2022,104000,2.0,gasoline,1.5,150.0,robotic,99000,0
Skoda,Octavia,2018,33000,2.0,diesel,2.0,150.0,robotic,276000,0
Skoda,Yeti,2016,32000,2.0,gasoline,1.2,110.0,robotic,220000,0
Skoda,Octavia,2019,55000,1.0,diesel,2.0,150.0,robotic,250000,0
Skoda,Fabia,2024,95000,1.0,gasoline,1.0,110.0,robotic,34900,0
Skoda,Octavia,2019,66000,2.0,gasoline,1.5,150.0,robotic,150000,0
Skoda,Octavia,2021,105000,1.0,gasoline,1.5,150.0,robotic,80000,0
Skoda,Kamiq,2020,80000,1.0,gasoline,1.0,110.0,robotic,50000,0
Skoda,Karoq,2020,74990,2.0,gasoline,1.5,150.0,robotic,165000,0
Skoda,Octavia,2016,24900,3.0,gasoline,1.2,110.0,robotic,259999,0
Skoda,Octavia,2016,35000,2.0,gasoline,1.4,150.0,robotic,170000,0
Skoda,Octavia,2018,43000,3.0,diesel,2.0,150.0,robotic,247000,0
Skoda,Kodiaq,2024,185000,1.0,gasoline,1.5,150.0,automatic,44860,0
Skoda,Kodiaq,2019,82000,2.0,gasoline,1.5,150.0,robotic,137000,0
Skoda,Superb,2020,75000,2.0,gasoline,1.5,150.0,robotic,68500,0
Skoda,Rapid,2015,25000,1.0,diesel,1.6,90.0,manual,220000,0
Skoda,Kodiaq,2020,95000,1.0,gasoline,1.5,150.0,robotic,108000,0
Skoda,Yeti,2018,35000,1.0,gasoline,1.2,110.0,robotic,317864,0
Skoda,Fabia,2016,40000,2.0,gasoline,1.2,110.0,robotic,108000,0
Skoda,Superb,2019,109000,2.0,gasoline,1.5,150.0,robotic,65500,0
Skoda,Octavia,2019,80000,1.0,gasoline,1.5,150.0,robotic,95900,0
Skoda,Octavia,2019,94000,1.0,gasoline,1.5,150.0,robotic,59000,0
Skoda,Kodiaq,2019,78000,1.0,diesel,2.0,150.0,robotic,241000,0
Skoda,Octavia Rs,2025,225000,1.0,gasoline,2.0,265.0,automatic,8700,0
Skoda,Rapid,2017,27000,3.0,gasoline,1.2,90.0,robotic,177000,0
Skoda,Octavia,2020,65000,1.0,gasoline,1.5,150.0,robotic,110000,0
Skoda,Superb,2018,68000,1.0,gasoline,1.8,180.0,robotic,205000,0
Skoda,Octavia,2015,43000,2.0,gasoline,1.4,140.0,robotic,240000,0
Skoda,Octavia,2018,55000,2.0,gasoline,1.8,180.0,robotic,170000,0
Skoda,Octavia,2020,65000,2.0,diesel,2.0,150.0,robotic,200000,0
Skoda,Kodiaq,2018,150000,1.0,gasoline,2.0,180.0,robotic,71000,0
Skoda,Kodiaq,2019,78000,1.0,gasoline,1.5,150.0,robotic,238000,0
Skoda,Superb,2021,179999,2.0,gasoline,2.0,280.0,robotic,105000,0
Skoda,Octavia,2016,36000,4.0,gasoline,1.8,180.0,robotic,197000,0
Skoda,Kodiaq,2017,60000,2.0,gasoline,2.0,180.0,robotic,276000,0
Skoda,Fabia,2015,22900,4.0,gasoline,1.0,110.0,robotic,180000,0
Skoda,Octavia,2016,41500,2.0,gasoline,1.2,110.0,robotic,135000,0
Skoda,Octavia,2016,29000,4.0,gasoline,1.2,110.0,robotic,210000,0
Skoda,Octavia,2017,35000,3.0,diesel,2.0,150.0,robotic,280000,0
Skoda,Rapid,2016,20000,3.0,gasoline,1.2,90.0,robotic,200000,0
Skoda,Yeti,2015,46000,2.0,gasoline,1.2,105.0,robotic,130000,0
Skoda,Octavia,2016,26000,3.0,gasoline,1.2,110.0,robotic,200000,0
Skoda,Kamiq,2020,94000,2.0,gasoline,1.5,150.0,robotic,14000,0
Skoda,Superb,2017,95000,1.0,gasoline,2.0,280.0,robotic,115000,0
Skoda,Superb,2021,169999,3.0,plug-in,1.4,218.0,robotic,49400,0
Skoda,Octavia Rs,2022,178000,1.0,gasoline,2.0,245.0,robotic,30000,0
Skoda,Enyaq Iv,2023,170000,1.0,electro,,,automatic,70000,1
Skoda,Superb,2015,50000,3.0,gasoline,1.8,160.0,robotic,142000,0
Skoda,Octavia,2019,50000,4.0,diesel,2.0,150.0,robotic,270000,0
Skoda,Kodiaq,2019,90000,3.0,diesel,2.0,150.0,robotic,155000,0
Skoda,Octavia,2015,48000,4.0,gasoline,1.8,180.0,robotic,198000,0
Skoda,Kodiaq,2021,155000,1.0,gasoline,2.0,190.0,robotic,71000,0
Skoda,Octavia,2017,35000,2.0,gasoline,1.2,110.0,robotic,215000,0
Skoda,Octavia,2016,37000,3.0,gasoline,1.2,110.0,robotic,172000,0
Skoda,Octavia,2021,70000,2.0,gasoline,1.0,110.0,robotic,135000,0
Skoda,Scala,2021,58000,2.0,gasoline,1.0,110.0,robotic,99500,0
Skoda,Octavia,2017,55000,1.0,gasoline,1.5,150.0,robotic,156000,0
Skoda,Superb,2020,95500,1.0,gasoline,1.5,150.0,robotic,119000,0
Skoda,Octavia,2021,60800,3.0,diesel,2.0,150.0,robotic,278000,0
Skoda,Octavia,2015,34000,4.0,gasoline,1.2,105.0,robotic,188000,0
Skoda,Octavia,2021,93000,2.0,gasoline,1.0,110.0,robotic,66000,0
Skoda,Superb,2021,110000,4.0,gasoline,1.5,150.0,robotic,91000,0
Skoda,Rapid,2015,25000,2.0,diesel,1.6,90.0,automatic,218000,0
Skoda,Octavia,2017,40000,2.0,gasoline,1.2,110.0,robotic,180000,0
Skoda,Octavia,2017,39000,1.0,gasoline,1.0,116.0,robotic,175000,0
Skoda,Octavia,2015,34000,3.0,gasoline,1.4,140.0,robotic,216000,0
Skoda,Octavia,2015,35000,3.0,gasoline,1.2,105.0,robotic,200000,0
Skoda,Karoq,2018,80000,3.0,gasoline,1.0,115.0,robotic,85000,0
Skoda,Octavia,2016,35000,1.0,gasoline,1.4,150.0,robotic,270000,0
Skoda,Octavia,2019,78000,1.0,gasoline,1.5,150.0,robotic,160000,0
Skoda,Kodiaq,2020,106000,1.0,gasoline,1.5,150.0,robotic,74000,0
Skoda,Kodiaq,2020,120000,2.0,gasoline,1.5,150.0,robotic,97200,0
Skoda,Octavia,2019,95000,3.0,gasoline,2.0,190.0,robotic,99500,0
Skoda,Octavia,2016,40000,3.0,gasoline,1.8,180.0,robotic,226484,0
Skoda,Kodiaq,2018,90000,2.0,gasoline,1.4,150.0,robotic,166000,0
Skoda,Octavia,2017,54000,3.0,gasoline,1.0,115.0,robotic,197000,0
Skoda,Rapid,2015,22000,4.0,gasoline,1.4,125.0,robotic,220000,0
Skoda,Kodiaq,2017,70000,2.0,gasoline,1.5,150.0,robotic,325000,0
Skoda,Octavia,2015,32000,2.0,gasoline,1.2,105.0,robotic,243000,0
Skoda,Octavia,2016,33000,3.0,gasoline,1.2,110.0,robotic,278000,0
Skoda,Scala,2021,68000,2.0,gasoline,1.0,115.0,robotic,68000,0
Skoda,Fabia,2018,34000,4.0,gasoline,1.0,95.0,manual,149000,0
Skoda,Octavia,2016,43000,3.0,gasoline,1.8,180.0,robotic,160000,0
Skoda,Octavia,2017,49000,2.0,gasoline,1.2,110.0,robotic,116000,0
Skoda,Kodiaq,2020,98500,2.0,gasoline,1.5,150.0,robotic,144000,0
Skoda,Octavia,2019,79000,2.0,gasoline,1.5,150.0,robotic,127000,0
Skoda,Octavia,2016,35000,4.0,gasoline,1.8,180.0,robotic,206000,0
Skoda,Kodiaq,2018,99999,1.0,diesel,2.0,150.0,robotic,155000,0
Skoda,Octavia,2019,100000,1.0,gasoline,1.5,150.0,robotic,123000,0
Skoda,Octavia,2016,55000,1.0,gasoline,1.4,150.0,robotic,160000,0
Skoda,Superb,2019,120000,2.0,diesel,2.0,190.0,robotic,175000,0
Skoda,Octavia,2016,45000,3.0,gasoline,1.2,110.0,robotic,156000,0
Skoda,Octavia,2016,49000,1.0,gasoline,1.2,110.0,robotic,127000,0
Skoda,Octavia,2023,175000,1.0,plug-in,1.4,204.0,robotic,11500,0
Skoda,Octavia Rs,2017,83500,2.0,gasoline,2.0,220.0,robotic,120950,0
Skoda,Octavia,2018,74000,2.0,gasoline,1.5,150.0,robotic,170000,0
Skoda,Octavia,2020,80000,2.0,gasoline,1.5,150.0,robotic,111640,0
Skoda,Enyaq Iv,2023,195000,1.0,electro,,,automatic,26000,1
Skoda,Kodiaq,2018,110000,1.0,gasoline,1.4,150.0,robotic,98000,0
Skoda,Octavia,2021,85000,2.0,gasoline,1.0,110.0,robotic,132000,0
Skoda,Octavia,2017,33000,3.0,diesel,2.0,150.0,robotic,390000,0
Skoda,Octavia,2016,48000,4.0,gasoline,1.2,110.0,robotic,159000,0
Skoda,Octavia,2019,95000,2.0,gasoline,1.5,150.0,robotic,84000,0
Skoda,Karoq,2021,110000,1.0,gasoline,1.5,150.0,robotic,78000,0
Mazda,Cx 30,2024,123000,1.0,gasoline,2.0,165.0,automatic,10900,0
Mazda,3,2018,75000,1.0,gasoline,2.0,165.0,automatic,46000,0
Mazda,Cx 3,2024,114900,1.0,gasoline,1.5,116.0,automatic,51000,0
Mazda,Cx 3,2023,111900,1.0,gasoline,1.5,116.0,automatic,41000,0
Mazda,3,2021,84900,2.0,gasoline,2.0,165.0,automatic,67000,0
Mazda,3,2022,85800,1.0,gasoline,2.0,165.0,automatic,113000,0
Mazda,2,2021,89900,1.0,gasoline,1.5,116.0,automatic,31000,0
Mazda,3,2021,71800,2.0,gasoline,2.0,165.0,automatic,118000,0
Mazda,3,2018,74500,1.0,gasoline,2.0,165.0,automatic,84000,0
Mazda,Cx 5,2021,124900,2.0,gasoline,2.0,165.0,automatic,62000,0
Mazda,Cx 3,2018,64000,2.0,gasoline,2.0,156.0,automatic,160000,0
Mazda,2,2020,79900,2.0,gasoline,1.5,116.0,automatic,45000,0
Mazda,2,2016,45800,2.0,gasoline,1.5,111.0,automatic,141000,0
Mazda,2,2023,169000,1.0,gasoline,1.5,116.0,automatic,100000,0
Mazda,3,2020,90000,3.0,gasoline,2.0,165.0,automatic,90000,0
Mazda,3,2017,39900,3.0,gasoline,1.5,120.0,automatic,187777,0
Mazda,3,2021,85000,2.0,gasoline,2.0,165.0,automatic,99000,0
Mazda,3,2023,139000,1.0,gasoline,2.0,165.0,automatic,70000,0
Mazda,Cx 5,2024,143355,2.0,gasoline,2.0,165.0,automatic,46000,0
Mazda,Cx 5,2023,131045,2.0,gasoline,2.0,165.0,automatic,64786,0
Mazda,Cx 30,2022,103995,2.0,gasoline,2.0,165.0,automatic,101953,0
Mazda,Cx 30,2022,123675,1.0,gasoline,2.0,165.0,automatic,50711,0
Mazda,Cx 3,2024,110925,1.0,gasoline,1.5,116.0,automatic,72816,0
Mazda,Cx 3,2024,109355,1.0,gasoline,1.5,116.0,automatic,38801,0
Mazda,Cx 3,2023,110765,2.0,gasoline,1.5,116.0,automatic,36000,0
Mazda,6,2022,93985,1.0,gasoline,2.0,165.0,automatic,91936,0
Mazda,2,2022,83330,1.0,gasoline,1.5,116.0,automatic,72000,0
Mazda,2,2021,82955,2.0,gasoline,1.5,116.0,automatic,114332,0
Mazda,2,2016,46900,2.0,gasoline,1.5,111.0,automatic,140000,0
Mazda,Cx 5,2021,123385,1.0,gasoline,2.0,165.0,automatic,97426,0
Mazda,Cx 5,2021,133995,1.0,gasoline,2.0,165.0,automatic,92470,0
Mazda,Cx 3,2021,92505,3.0,gasoline,2.0,156.0,automatic,79500,0
Mazda,3,2018,49999,2.0,gasoline,2.0,165.0,automatic,184306,0
Mazda,2,2017,73000,1.0,gasoline,1.5,111.0,automatic,64000,0
Mazda,3,2017,42500,3.0,gasoline,1.5,120.0,automatic,174000,0
Mazda,Cx 3,2022,94990,1.0,gasoline,1.5,116.0,automatic,57000,0
Mazda,Cx 5,2022,149990,1.0,gasoline,2.5,194.0,automatic,49000,0
Mazda,3,2018,65000,2.0,gasoline,2.0,165.0,automatic,141000,0
Mazda,Cx 3,2023,95990,1.0,gasoline,1.5,116.0,automatic,52000,0
Mazda,3,2022,99990,1.0,gasoline,2.0,165.0,automatic,97000,0
Mazda,Cx 5,2019,84900,3.0,gasoline,2.0,165.0,automatic,87000,0
Mazda,2,2016,33000,2.0,gasoline,1.5,111.0,automatic,189000,0
Mazda,2,2022,74000,2.0,gasoline,1.5,116.0,automatic,92500,0
Mazda,Cx 5,2020,110000,3.0,gasoline,2.0,165.0,automatic,75000,0
Mazda,2,2021,60000,2.0,gasoline,1.5,116.0,automatic,64000,0
Mazda,Cx 5,2019,87000,1.0,gasoline,2.0,165.0,automatic,159000,0
Mazda,3,2021,84900,1.0,gasoline,2.0,165.0,automatic,69000,0
Mazda,Cx 5,2023,121000,1.0,gasoline,2.0,165.0,automatic,89000,0
Mazda,6,2021,120000,3.0,gasoline,2.5,195.0,automatic,159000,0
Mazda,3,2017,58000,2.0,gasoline,2.0,165.0,automatic,176000,0
Mazda,Cx 5,2024,127000,2.0,gasoline,2.0,165.0,automatic,18000,0
Mazda,Cx 5,2020,105000,2.0,gasoline,2.0,165.0,automatic,108000,0
Mazda,3,2021,77000,2.0,gasoline,2.0,165.0,automatic,122000,0
Mazda,3,2019,62300,2.0,gasoline,2.0,165.0,automatic,173000,0
Mazda,Cx 5,2022,147000,1.0,gasoline,2.5,194.0,automatic,56000,0
Mazda,Cx 3,2023,115000,1.0,gasoline,1.5,116.0,automatic,21000,0
Mazda,3,2023,120000,1.0,gasoline,2.0,165.0,automatic,50000,0
Mazda,Cx 5,2022,120000,1.0,gasoline,2.0,165.0,automatic,106260,0
Mazda,3,2015,24000,2.0,gasoline,1.5,120.0,automatic,195000,0
Mazda,3,2021,89000,3.0,gasoline,2.0,165.0,automatic,85000,0
Mazda,Cx 30,2020,83000,2.0,gasoline,2.0,165.0,automatic,123700,0
Mazda,Cx 30,2022,85000,2.0,gasoline,2.0,165.0,automatic,127150,0
Mazda,Cx 30,2024,130000,2.0,gasoline,2.0,165.0,automatic,14580,0
Mazda,Cx 5,2016,65000,3.0,gasoline,2.0,165.0,automatic,100000,0
Mazda,3,2021,85000,2.0,gasoline,2.0,165.0,automatic,77000,0
Mazda,Cx 5,2020,117000,1.0,gasoline,2.0,165.0,automatic,54000,0
Mazda,2,2023,78900,1.0,gasoline,1.5,116.0,automatic,74000,0
Mazda,Cx 5,2022,134900,1.0,gasoline,2.0,165.0,automatic,42000,0
Mazda,Cx 5,2022,134000,1.0,gasoline,2.0,165.0,automatic,38600,0
Mazda,Cx 5,2017,81000,3.0,gasoline,2.0,165.0,automatic,100000,0
Mazda,Cx 30,2020,90000,1.0,gasoline,2.0,165.0,automatic,87450,0
Mazda,Cx 30,2021,95000,1.0,gasoline,2.0,165.0,automatic,100000,0
Mazda,Cx 30,2024,142600,1.0,gasoline,2.0,165.0,automatic,3800,0
Mazda,3,2022,134000,1.0,gasoline,2.0,165.0,automatic,30000,0
Mazda,6,2019,82000,2.0,gasoline,2.5,195.0,automatic,125000,0
Mazda,3,2017,65000,4.0,gasoline,2.0,165.0,automatic,230000,0
Mazda,Cx 5,2015,71000,3.0,gasoline,2.5,188.0,automatic,106000,0
Mazda,6,2018,74000,4.0,gasoline,2.0,165.0,automatic,49500,0
Mazda,3,2022,120000,1.0,gasoline,2.0,165.0,automatic,43000,0
Mazda,3,2019,60000,3.0,gasoline,2.0,165.0,automatic,137000,0
Mazda,2,2015,38500,3.0,gasoline,1.5,103.0,automatic,132000,0
Mazda,3,2023,135000,1.0,gasoline,2.0,165.0,automatic,26000,0
Mazda,3,2018,70000,3.0,gasoline,2.0,165.0,automatic,149000,0
Mazda,Cx 5,2022,139000,1.0,gasoline,2.0,165.0,automatic,90000,0
Mazda,Cx 3,2020,84000,3.0,gasoline,2.0,156.0,automatic,65000,0
Mazda,6,2019,69900,2.0,gasoline,2.0,165.0,automatic,160000,0
Mazda,Cx 5,2021,120000,2.0,gasoline,2.0,165.0,automatic,60000,0
Mazda,Cx 5,2018,112000,2.0,gasoline,2.0,165.0,automatic,115000,0
Mazda,Cx 5,2020,103000,2.0,gasoline,2.0,165.0,automatic,81000,0
Mazda,3,2023,135000,2.0,gasoline,2.0,165.0,automatic,31000,0
Mazda,Cx 5,2022,155000,1.0,gasoline,2.5,194.0,automatic,47300,0
Mazda,3,2019,60000,2.0,gasoline,2.0,165.0,automatic,99000,0
Mazda,Cx 5,2022,125000,1.0,gasoline,2.0,165.0,automatic,53000,0
Mazda,6,2016,44000,3.0,gasoline,2.0,165.0,automatic,233500,0
Mazda,3,2021,98000,2.0,gasoline,2.0,165.0,automatic,100000,0
Mazda,Cx 5,2015,67000,2.0,gasoline,2.0,165.0,automatic,120000,0
Mazda,3,2019,86000,1.0,gasoline,2.0,165.0,automatic,97000,0
Nissan,X Trail,2020,85000,2.0,gasoline,1.3,160.0,robotic,69000,0
Nissan,Micra,2018,30800,2.0,gasoline,1.2,80.0,variable,75000,0
Nissan,Micra,2018,34900,2.0,gasoline,1.2,80.0,variable,121500,0
Nissan,Sentra,2022,74800,2.0,gasoline,2.0,149.0,variable,93000,0
Nissan,Juke,2016,32900,3.0,gasoline,1.6,117.0,variable,94700,0
Nissan,Qashqai,2017,46800,2.0,diesel,1.6,130.0,variable,113000,0
Nissan,Sentra,2023,97900,1.0,gasoline,2.0,149.0,variable,41000,0
Nissan,Sentra,2019,52900,2.0,gasoline,1.8,124.0,variable,93684,0
Nissan,Juke,2015,41900,2.0,gasoline,1.6,117.0,variable,102000,0
Nissan,Qashqai,2016,39000,3.0,gasoline,1.2,115.0,variable,135000,0
Nissan,Sentra,2019,42800,1.0,gasoline,1.8,124.0,variable,147000,0
Nissan,Juke,2018,41800,2.0,gasoline,1.6,117.0,variable,105000,0
Nissan,X Trail,2016,38000,2.0,diesel,1.6,130.0,variable,260000,0
Nissan,Qashqai,2022,106900,1.0,gasoline,1.3,156.0,variable,51000,0
Nissan,X Trail,2018,65800,4.0,diesel,2.0,177.0,variable,188000,0
Nissan,Qashqai,2018,61000,1.0,gasoline,1.2,115.0,variable,97000,0
Nissan,X Trail,2023,179000,1.0,hybrid,1.5,213.0,automatic,86000,0
Nissan,X Trail,2019,90000,2.0,gasoline,1.3,160.0,robotic,68100,0
Nissan,X Trail,2016,55900,3.0,diesel,1.6,130.0,variable,130000,0
Nissan,Sentra,2018,50000,2.0,gasoline,1.8,130.0,variable,86000,0
Nissan,Qashqai,2015,38800,2.0,gasoline,1.2,115.0,variable,133000,0
Nissan,X Trail,2016,55500,2.0,diesel,1.6,130.0,variable,210000,0
Nissan,X Trail,2017,40000,2.0,diesel,1.6,130.0,variable,313000,0
Nissan,X Trail,2020,83995,1.0,gasoline,1.3,160.0,robotic,114123,0
Nissan,Sentra,2023,83365,1.0,gasoline,2.0,149.0,variable,92668,0
Nissan,Sentra,2023,87995,1.0,gasoline,2.0,149.0,variable,66438,0
Nissan,Sentra,2021,59435,2.0,gasoline,2.0,149.0,variable,132000,0
Nissan,Sentra,2021,62515,2.0,gasoline,2.0,149.0,variable,113216,0
Nissan,Sentra,2019,60255,2.0,gasoline,1.8,124.0,variable,133000,0
Nissan,Altima,2015,20500,3.0,gasoline,2.5,182.0,variable,176000,0
Nissan,Qashqai,2019,84000,1.0,gasoline,1.3,160.0,robotic,88000,0
Nissan,Micra,2017,21000,3.0,gasoline,1.2,80.0,variable,181500,0
Nissan,Qashqai,2018,62000,2.0,diesel,1.6,130.0,variable,142000,0
Nissan,Qashqai,2017,53000,1.0,gasoline,1.2,115.0,variable,47000,0
Nissan,Qashqai,2019,70000,4.0,gasoline,1.3,160.0,robotic,77000,0
Nissan,X Trail,2024,175000,1.0,hybrid,1.5,213.0,automatic,39000,0
Nissan,Sentra,2019,48995,2.0,gasoline,1.8,124.0,variable,127449,0
Nissan,Qashqai,2021,96965,2.0,gasoline,1.3,160.0,robotic,63000,0
Nissan,Qashqai,2021,69025,1.0,gasoline,1.3,160.0,robotic,104002,0
Nissan,Qashqai,2021,80765,1.0,gasoline,1.3,160.0,robotic,101420,0
Nissan,Qashqai,2020,68995,2.0,gasoline,1.2,115.0,variable,123055,0
Nissan,Qashqai,2019,84285,2.0,gasoline,1.3,160.0,robotic,77486,0
Nissan,Juke,2024,125925,1.0,hybrid,1.6,143.0,automatic,28415,0
Nissan,Juke,2021,82090,1.0,gasoline,1.0,117.0,robotic,64108,0
Nissan,Juke,2021,75615,1.0,gasoline,1.0,117.0,robotic,37715,0
Nissan,Juke,2020,72715,1.0,gasoline,1.0,117.0,robotic,90313,0
Nissan,Qashqai,2020,59999,2.0,gasoline,1.2,115.0,variable,150000,0
Nissan,Qashqai,2017,39900,1.0,gasoline,1.2,115.0,variable,128000,0
Nissan,Qashqai,2019,52900,2.0,gasoline,1.3,160.0,robotic,113000,0
Nissan,Qashqai,2018,64900,2.0,gasoline,1.2,115.0,variable,102000,0
Nissan,Micra,2017,22500,1.0,gasoline,1.2,80.0,variable,215000,0
Nissan,Sentra,2021,62000,2.0,gasoline,2.0,149.0,variable,90000,0
Nissan,Qashqai,2016,40000,2.0,gasoline,1.2,115.0,variable,84000,0
Nissan,Qashqai,2017,32900,3.0,gasoline,1.2,115.0,variable,154000,0
Nissan,X Trail,2020,94000,1.0,diesel,1.7,150.0,variable,76000,0
Nissan,Micra,2016,18000,3.0,gasoline,1.2,80.0,variable,187000,0
Nissan,Qashqai,2015,29000,3.0,gasoline,1.2,115.0,variable,113000,0
Nissan,X Trail,2021,120000,1.0,gasoline,1.3,160.0,robotic,36000,0
Nissan,Micra,2015,18000,4.0,gasoline,1.2,80.0,variable,182000,0
Nissan,X Trail,2025,149990,1.0,gasoline,1.5,163.0,variable,45000,0
Nissan,X Trail,2018,79900,3.0,diesel,2.0,177.0,variable,109900,0
Nissan,Qashqai,2017,44990,2.0,gasoline,1.2,115.0,variable,94000,0
Nissan,X Trail,2021,96000,2.0,gasoline,1.3,160.0,robotic,85000,0
Nissan,Sentra,2021,51000,1.0,gasoline,1.8,124.0,variable,120000,0
Nissan,Qashqai,2017,43000,2.0,gasoline,1.2,115.0,variable,117000,0
Nissan,Qashqai,2022,131000,1.0,gasoline,1.3,156.0,variable,34000,0
Nissan,X Trail,2021,130000,3.0,gasoline,1.3,160.0,robotic,52000,0
Nissan,Juke,2015,30000,3.0,gasoline,1.6,190.0,variable,139000,0
Nissan,X Trail,2018,75000,3.0,diesel,1.6,130.0,variable,110000,0
Nissan,Qashqai,2019,75000,2.0,gasoline,1.3,160.0,robotic,91000,0
Nissan,Qashqai,2019,75000,1.0,gasoline,1.3,160.0,robotic,70000,0
Nissan,Sentra,2019,50000,2.0,gasoline,1.8,124.0,variable,140000,0
Nissan,X Trail,2018,65000,2.0,diesel,1.6,130.0,variable,143000,0
Nissan,Qashqai,2020,54900,3.0,gasoline,1.2,115.0,variable,150500,0
Nissan,X Trail,2020,91000,2.0,diesel,1.7,150.0,variable,87000,0
Nissan,Micra,2015,15800,2.0,gasoline,1.2,80.0,variable,160000,0
Nissan,X Trail,2023,165000,1.0,hybrid,1.5,204.0,automatic,54000,0
Nissan,Sentra,2021,62900,1.0,gasoline,2.0,149.0,variable,92000,0
Nissan,Qashqai,2021,85990,3.0,diesel,1.5,115.0,robotic,99000,0
Nissan,X Trail,2018,58000,2.0,diesel,1.6,130.0,variable,162000,0
Nissan,Qashqai,2016,42000,3.0,gasoline,1.2,115.0,variable,98000,0
Nissan,Sentra,2022,93000,1.0,gasoline,2.0,149.0,variable,33300,0
Nissan,Altima,2015,20000,4.0,gasoline,2.5,182.0,variable,226805,0
Nissan,Qashqai,2019,71000,2.0,gasoline,1.2,115.0,variable,111000,0
Nissan,Qashqai,2018,54990,3.0,gasoline,1.2,115.0,variable,134000,0
Nissan,Sentra,2021,75000,2.0,gasoline,2.0,149.0,variable,109000,0
Nissan,Sentra,2016,30000,4.0,gasoline,1.8,130.0,variable,139000,0
Nissan,Micra,2016,23000,1.0,gasoline,1.2,80.0,variable,160000,0
Nissan,Micra,2015,22000,3.0,gasoline,1.2,80.0,variable,140000,0
Nissan,Micra,2021,65000,2.0,gasoline,1.0,100.0,robotic,26700,0
Nissan,Qashqai,2021,89990,2.0,diesel,1.5,115.0,robotic,107000,0
Nissan,Sentra,2021,59990,2.0,gasoline,2.0,149.0,variable,145689,0
Nissan,X Trail,2020,85000,2.0,gasoline,1.3,160.0,robotic,87000,0
Nissan,Qashqai,2017,47900,3.0,gasoline,1.2,115.0,variable,130000,0
Nissan,Sentra,2020,60000,2.0,gasoline,1.8,124.0,variable,56300,0
Nissan,Qashqai,2019,70000,2.0,gasoline,1.3,160.0,robotic,80492,0
Nissan,X Trail,2020,100000,1.0,diesel,1.7,150.0,variable,80000,0
Nissan,X Trail,2017,70000,2.0,diesel,1.6,130.0,variable,215000,0
Nissan,Qashqai,2018,68000,1.0,gasoline,1.2,115.0,variable,21000,0
Nissan,Sentra,2021,85000,1.0,gasoline,2.0,149.0,variable,40000,0
Nissan,X Trail,2017,70000,1.0,diesel,1.6,130.0,variable,120000,0
Nissan,Qashqai,2015,45999,3.0,gasoline,1.2,115.0,variable,105000,0
Nissan,Juke,2015,35000,2.0,gasoline,1.6,117.0,variable,118000,0
Nissan,Altima,2017,38000,3.0,gasoline,2.5,182.0,variable,112000,0
Nissan,Qashqai,2020,93000,3.0,gasoline,1.3,160.0,robotic,56000,0
Nissan,Sentra,2022,99500,1.0,gasoline,2.0,149.0,variable,25000,0
Nissan,Juke,2020,72000,1.0,gasoline,1.0,117.0,robotic,73000,0
Nissan,Sentra,2021,85000,3.0,gasoline,2.0,149.0,variable,96813,0
Nissan,Qashqai,2020,73000,3.0,gasoline,1.2,115.0,variable,154000,0
Nissan,Qashqai,2016,44250,1.0,gasoline,1.2,115.0,variable,179000,0
Nissan,X Trail,2015,75000,2.0,diesel,1.6,130.0,variable,173000,0
Nissan,Qashqai,2019,62000,2.0,gasoline,1.3,160.0,robotic,155000,0
Nissan,X Trail,2019,115000,3.0,diesel,2.0,177.0,variable,157000,0
Nissan,Sentra,2024,137000,1.0,gasoline,2.0,149.0,variable,16462,0
Nissan,Sentra,2018,51000,2.0,gasoline,1.8,130.0,variable,85500,0
Nissan,Qashqai,2019,80000,1.0,diesel,1.5,115.0,robotic,50000,0
Nissan,Juke,2019,51000,2.0,gasoline,1.6,117.0,variable,101100,0
Nissan,X Trail,2023,180000,1.0,gasoline,1.5,163.0,variable,30500,0
Nissan,X Trail,2021,123000,2.0,gasoline,1.3,160.0,robotic,69000,0
Nissan,Juke,2016,45000,3.0,gasoline,1.6,117.0,variable,64000,0
Nissan,Sentra,2017,32000,2.0,gasoline,1.8,130.0,variable,170000,0
Nissan,Qashqai,2015,53000,3.0,diesel,1.6,130.0,variable,105000,0
Nissan,Micra,2017,33000,2.0,gasoline,1.2,80.0,variable,110000,0
Nissan,X Trail,2018,82000,1.0,diesel,1.6,130.0,variable,72000,0
Nissan,X Trail,2020,127000,1.0,diesel,1.7,150.0,variable,57000,0
Nissan,Juke,2019,52000,2.0,gasoline,1.6,117.0,variable,70000,0
Nissan,Qashqai,2019,85000,1.0,gasoline,1.2,115.0,variable,137000,0
Nissan,X Trail,2017,75000,1.0,diesel,1.6,130.0,variable,125000,0
Nissan,Qashqai,2024,185000,1.0,gasoline,1.3,156.0,variable,7000,0
Nissan,X Trail,2021,134000,2.0,gasoline,1.3,160.0,robotic,63000,0
Nissan,Qashqai,2020,100000,2.0,gasoline,1.2,115.0,variable,122000,0
Nissan,X Trail,2020,120000,1.0,gasoline,1.3,160.0,robotic,53000,0
Nissan,X Trail,2017,80000,2.0,diesel,1.6,130.0,variable,170000,0
Nissan,Qashqai,2017,55000,1.0,gasoline,1.2,115.0,variable,172000,0
Nissan,Qashqai,2021,119000,1.0,diesel,1.5,115.0,robotic,20000,0
Nissan,Qashqai,2023,182000,1.0,gasoline,1.3,156.0,variable,24000,0
