manufacturer,model,submodel,year,hand,mileage,engine_liters,horsepower,fuel,transmission,drive_type,body_color,price
Chevrolet,Sonic,LS,2012,3,152000,1.4,101,Gasoline,Automatic,FWD,White,11900
Chevrolet,Trax,LT,2014,3,118000,1.4,140,Gasoline,Automatic,FWD,White,25000
Chevrolet,Captiva,LT Plus 7 seats,2011,2,228000,2.2,184,Diesel,Automatic,AWD,Grey,21000
Chevrolet,Trailblazer,LTZ,2021,1,102093,1.3,155,Gasoline,Variable,FWD,Black,74900
Chevrolet,Spark,LT,2019,2,90000,1.4,98,Gasoline,Variable,FWD,White,42800
Chevrolet,Spark,LT,2017,2,140000,1.4,98,Gasoline,Variable,FWD,White,29800
Chevrolet,Corvette,,1988,3,8000,5.7,282,Gasoline,Automatic,RWD,Red,125000
Chevrolet,Malibu,LT,2014,4,74000,2.0,259,Gasoline,Automatic,FWD,White,12900
Chevrolet,Camaro,,2017,4,147000,3.6,335,Gasoline,Automatic,RWD,Multicolored,155770
Chevrolet,Trax,RS2,2024,1,48522,1.2,139,Gasoline,Automatic,FWD,White,98585
Chevrolet,Traverse,LT AWD Сlassic,2023,1,95369,3.6,310,Gasoline,Automatic,AWD,Black,186522
Chevrolet,Traverse,LS,2022,1,98255,3.6,310,Gasoline,Automatic,FWD,White,166720
Chevrolet,Traverse,LT Classic,2021,1,54393,3.6,310,Gasoline,Automatic,AWD,Black,166664
Chevrolet,Trailblazer,LT Plus,2021,1,76500,1.3,155,Gasoline,Variable,FWD,Black,85805
Chevrolet,Trailblazer,LT Plus,2024,1,52300,1.3,155,Gasoline,Variable,FWD,White,108635
Chevrolet,Trailblazer,LTZ,2022,1,68556,1.3,155,Gasoline,Variable,FWD,White,71495
Chevrolet,Trailblazer,Active Z,2022,1,58000,1.3,155,Gasoline,Variable,AWD,Black,98500
Chevrolet,Trailblazer,LTZ,2022,1,46500,1.3,155,Gasoline,Variable,FWD,White,99015
Chevrolet,Trailblazer,LT Plus,2022,1,31917,1.3,155,Gasoline,Variable,FWD,White,98850
Chevrolet,Trailblazer,LS,2021,1,51123,1.3,155,Gasoline,Variable,FWD,Blue,78454
Chevrolet,Spark,LS,2011,3,155000,1.2,82,Gasoline,Manual,FWD,Silver,9000
Chevrolet,Trailblazer,LTZ,2022,1,30400,1.3,155,Gasoline,Variable,FWD,Grey,92000
Chevrolet,Equinox,LT Plus,2021,3,95000,1.5,170,Gasoline,Automatic,FWD,Black,84000
Chevrolet,Cruze,Premier,2017,4,134000,1.4,153,Gasoline,Automatic,FWD,White,25000
Chevrolet,Sonic,LT,2015,3,136133,1.4,101,Gasoline,Automatic,FWD,Silver,11500
Chevrolet,Cruze,LT Platinum Turbo,2015,4,138000,1.4,140,Gasoline,Automatic,FWD,White,10000
Chevrolet,Silverado,,2025,1,22197,6.6,470,Diesel,Automatic,RWD,Black,330000
Chevrolet,Cruze,LT Platinum,2013,2,75000,1.8,141,Gasoline,Automatic,FWD,Ruby,25000
Chevrolet,Traverse,LT FWD,2022,2,80000,3.6,310,Gasoline,Automatic,FWD,White,180000
Chevrolet,Spark,LS,2011,3,185000,1.2,82,Gasoline,Manual,FWD,Light blue,8900
Chevrolet,Spark,LT Plus,2021,2,76743,1.4,98,Gasoline,Variable,FWD,White,61480
Chevrolet,Spark,LT Plus,2021,2,73162,1.4,98,Gasoline,Variable,FWD,Silver,61120
Chevrolet,Spark,Premier,2021,1,87423,1.4,98,Gasoline,Variable,FWD,Blue,70020
Chevrolet,Spark,Premier,2021,1,61616,1.4,98,Gasoline,Variable,FWD,Grey,71540
Chevrolet,Spark,LT Plus,2020,3,66628,1.4,98,Gasoline,Variable,FWD,White,48720
Chevrolet,Spark,Premier,2020,2,59839,1.4,98,Gasoline,Variable,FWD,Black,65159
Chevrolet,Spark,Premier,2020,2,102950,1.4,98,Gasoline,Variable,FWD,Red,61195
Chevrolet,Spark,Premier,2020,1,57110,1.4,98,Gasoline,Variable,FWD,Black,67562
Chevrolet,Spark,LTZ,2019,1,134115,1.4,98,Gasoline,Variable,FWD,Black,50450
Chevrolet,Spark,LT Plus,2018,2,75000,1.4,98,Gasoline,Variable,FWD,Beige,55350
Chevrolet,Spark,LTZ,2018,1,84700,1.4,98,Gasoline,Variable,FWD,Black,59466
Chevrolet,Spark,LT,2017,2,91016,1.4,98,Gasoline,Variable,FWD,Grey,45585
Chevrolet,Spark,LTZ,2017,2,80796,1.4,98,Gasoline,Variable,FWD,White,52720
Chevrolet,Equinox,LT Plus,2022,1,27547,1.5,170,Gasoline,Automatic,FWD,Silver,100247
Chevrolet,Equinox,LTZ,2021,1,39000,1.5,170,Gasoline,Automatic,FWD,Black,93780
Chevrolet,Equinox,LT Plus,2020,2,38238,1.5,170,Gasoline,Automatic,FWD,Grey,85085
Chevrolet,Equinox,LT,2019,3,83000,1.5,170,Gasoline,Automatic,FWD,White,63995
Chevrolet,Spark,LS,2011,3,155000,1.2,82,Gasoline,Manual,FWD,Silver,9000
Chevrolet,Trailblazer,LTZ,2022,1,30400,1.3,155,Gasoline,Variable,FWD,Grey,92000
Chevrolet,Equinox,LT Plus,2021,3,95000,1.5,170,Gasoline,Automatic,FWD,Black,84000
Chevrolet,Equinox,LT,2018,2,157000,1.5,170,Gasoline,Automatic,FWD,White,46000
Chevrolet,Trax,LT,2018,1,68000,1.4,138,Gasoline,Automatic,FWD,White,49000
Chevrolet,Traverse,LS,2017,2,114240,3.6,281,Gasoline,Automatic,FWD,Grey,65000
Chevrolet,Beretta,,1992,2,128000,3.1,162,Gasoline,Automatic,FWD,Red,38000
Chevrolet,Malibu,LT,2014,3,235000,2.0,259,Gasoline,Automatic,FWD,Black,6000
Chevrolet,Silverado,,2018,1,150000,6.6,445,Diesel,Automatic,AWD,Silver,90000
Chevrolet,Optra,LS Plus,2006,2,175000,1.6,109,Gasoline,Automatic,FWD,Green,4500
Chevrolet,Silverado,,2024,1,29900,6.6,365,Diesel,Automatic,AWD,Grey,265000
Chevrolet,Sonic,LT,2012,3,140000,1.6,116,Gasoline,Automatic,FWD,Grey,21000
Chevrolet,Traverse,LS,2018,3,94500,3.6,281,Gasoline,Automatic,FWD,White,69999
Chevrolet,Cruze,Premier,2017,4,134000,1.4,153,Gasoline,Automatic,FWD,White,25000
Chevrolet,Sonic,LT,2015,3,136133,1.4,101,Gasoline,Automatic,FWD,Silver,11500
Chevrolet,Cruze,LT Platinum Turbo,2015,4,138000,1.4,140,Gasoline,Automatic,FWD,White,10000
Chevrolet,Silverado,,2025,1,22197,6.6,470,Diesel,Automatic,RWD,Black,330000
Chevrolet,Cruze,LT Platinum,2013,2,75000,1.8,141,Gasoline,Automatic,FWD,Ruby,25000
Chevrolet,Silverado,,2022,1,74000,6.6,445,Diesel,Automatic,AWD,White,145000
Chevrolet,Spark,LT Plus,2021,3,88000,1.4,98,Gasoline,Variable,FWD,Black,45900
Chevrolet,Traverse,LT FWD,2022,2,80000,3.6,310,Gasoline,Automatic,FWD,White,180000
Chevrolet,Spark,LT Plus,2020,2,98000,1.4,98,Gasoline,Variable,FWD,Black,52000
Chevrolet,Spark,LS,2011,3,185000,1.2,82,Gasoline,Manual,FWD,Light blue,8900
Chevrolet,Trax,LT,2014,3,150000,1.8,141,Gasoline,Automatic,FWD,Silver,25000
Chevrolet,Blazer,,2020,4,65000,3.6,308,Gasoline,Automatic,FWD,Grey,125660
Chevrolet,Spark,LT,2018,3,116000,1.4,98,Gasoline,Variable,FWD,Grey,44000
Chevrolet,Orlando,,2015,4,210000,1.4,140,Gasoline,Automatic,FWD,Black,17987
Chevrolet,Equinox,LT,2018,2,157000,1.5,170,Gasoline,Automatic,FWD,White,46000
Chevrolet,Trailblazer,LT Plus,2022,1,54000,1.3,155,Gasoline,Variable,FWD,Light Grey,89990
Chevrolet,Trax,LT,2018,1,68000,1.4,138,Gasoline,Automatic,FWD,White,49000
Chevrolet,Corvette,,1980,1,118000,5.7,213,Gasoline,Automatic,RWD,White,178000
Chevrolet,Traverse,LS,2017,2,114240,3.6,281,Gasoline,Automatic,FWD,Grey,65000
Chevrolet,Beretta,,1992,2,128000,3.1,162,Gasoline,Automatic,FWD,Red,38000
Chevrolet,Corvette,,1989,1,84555,5.7,300,Gasoline,Automatic,RWD,White,100000
Chevrolet,Malibu,LT,2016,3,144000,1.5,160,Gasoline,Automatic,FWD,White,30000
Chevrolet,Orlando,LT,2015,2,188000,1.4,140,Gasoline,Automatic,FWD,Black,19000
Chevrolet,Equinox,LT,2019,2,177000,1.5,170,Gasoline,Automatic,FWD,White,62000
Chevrolet,Spark,LT,2013,2,160000,1.2,82,Gasoline,Manual,FWD,Red,10000
Chevrolet,Trax,LT,2014,2,217000,1.8,141,Gasoline,Automatic,FWD,Red,22000
Chevrolet,Savana,,2007,3,340710,2.8,181,Diesel,Automatic,RWD,Golden,8000
Chevrolet,Spark,Premier,2021,1,60000,1.4,98,Gasoline,Variable,FWD,Purple,62000
Chevrolet,Trax,LT,2015,2,198000,1.8,141,Gasoline,Automatic,FWD,White,22000
Chevrolet,Spark,Premier,2020,2,83000,1.4,98,Gasoline,Variable,FWD,White,55000
Chevrolet,Equinox,LTP,2016,2,120000,2.4,182,Gasoline,Automatic,AWD,White,35000
Chevrolet,Trax,LS,2014,2,189000,1.8,141,Gasoline,Automatic,FWD,Blue,14899
Chevrolet,Silverado,,2014,1,140000,6.6,445,Diesel,Automatic,AWD,White,78000
Chevrolet,Malibu,LT,2014,3,235000,2.0,259,Gasoline,Automatic,FWD,Black,6000
Chevrolet,Silverado,,2018,1,150000,6.6,445,Diesel,Automatic,AWD,Silver,90000
Chevrolet,Optra,LS Plus,2006,2,175000,1.6,109,Gasoline,Automatic,FWD,Green,4500
Chevrolet,Silverado,,2024,1,29900,6.6,365,Diesel,Automatic,AWD,Grey,265000
Chevrolet,Sonic,LT,2012,3,140000,1.6,116,Gasoline,Automatic,FWD,Grey,21000
Chevrolet,Spark,LT Plus,2023,1,48000,1.4,98,Gasoline,Variable,FWD,Black,69990
Chevrolet,Express,,2010,2,190000,6.6,260,Diesel,Automatic,RWD,Multicolored,29000
Chevrolet,Equinox,RS,2022,3,74040,1.5,170,Gasoline,Automatic,FWD,Silver,87000
Chevrolet,Traverse,LS,2018,3,94500,3.6,281,Gasoline,Automatic,FWD,White,69999
Chevrolet,Equinox,LT,2019,2,112000,1.5,170,Gasoline,Automatic,FWD,Black,49000
Chevrolet,Sonic,LTZ,2014,3,183000,1.6,116,Gasoline,Automatic,FWD,Black,10000
Chevrolet,Spark,LS,2014,2,80842,1.0,68,Gasoline,Manual,FWD,Grey,16000
Chevrolet,Orlando,LT,2017,2,155000,1.4,140,Gasoline,Automatic,FWD,Silver,25000
Chevrolet,Traverse,LS,2023,1,69000,3.6,310,Gasoline,Automatic,FWD,White,179990
Chevrolet,Silverado,,2021,1,256000,6.6,365,Diesel,Automatic,AWD,Black,129990
Chevrolet,Silverado,,2018,2,250000,6.6,445,Diesel,Automatic,AWD,White,68000
Chevrolet,Captiva Sport,LTZ,2012,4,168000,3.0,264,Gasoline,Automatic,AWD,Brown,23000
Chevrolet,Spark,Premier,2021,1,60000,1.4,98,Gasoline,Variable,FWD,Purple,62000
Chevrolet,Trax,LT,2015,2,198000,1.8,141,Gasoline,Automatic,FWD,White,22000
Chevrolet,Spark,Premier,2020,2,83000,1.4,98,Gasoline,Variable,FWD,White,55000
Chevrolet,Equinox,RS,2023,1,69000,1.5,170,Gasoline,Automatic,FWD,Black,134000
Chevrolet,Captiva Sport,LS,2015,3,136000,2.4,182,Gasoline,Automatic,FWD,White,20000
Chevrolet,Aveo,,2005,1,100207,1.4,83,Gasoline,Manual,FWD,Silver,5000
Chevrolet,Traverse,LT,2009,3,204000,3.6,281,Gasoline,Automatic,AWD,Blue,30000
Chevrolet,Malibu,Hi-Tech,2011,1,185000,2.4,169,Gasoline,Automatic,FWD,White,11000
Chevrolet,Sonic,LT,2012,4,150000,1.6,116,Gasoline,Automatic,FWD,Light blue,9000
Chevrolet,Equinox,LT,2018,2,85000,1.5,170,Gasoline,Automatic,FWD,Black,74000
Chevrolet,Captiva,,2008,4,197000,3.2,223,Gasoline,Automatic,AWD,Black,16000
Chevrolet,Traverse,LS,2020,1,46000,3.6,310,Gasoline,Automatic,FWD,White,139990
Chevrolet,Spark,LT Plus,2020,1,93000,1.4,98,Gasoline,Variable,FWD,Black,52000
Chevrolet,Malibu,LT,2016,2,130000,1.5,160,Gasoline,Automatic,FWD,Beige,43000
Chevrolet,Traverse,LT,2019,2,180000,3.6,310,Gasoline,Automatic,AWD,White,130000
Chevrolet,Equinox,RS,2023,1,48000,1.5,170,Gasoline,Automatic,FWD,Grey,129990
Chevrolet,Trailblazer,LT Plus,2021,1,70000,1.3,155,Gasoline,Variable,FWD,Black,74900
Chevrolet,Cruze,LT,2014,3,195000,1.6,117,Gasoline,Automatic,FWD,Black,5000
Chevrolet,Traverse,LS,2017,3,200000,3.6,281,Gasoline,Automatic,FWD,Silver,44900
Chevrolet,Silverado Ev,,2024,1,25000,,510,Electro,Automatic,AWD,White,310000
Chevrolet,Corvette,,1989,1,84555,5.7,300,Gasoline,Automatic,RWD,White,100000
Chevrolet,Malibu,LT,2016,3,144000,1.5,160,Gasoline,Automatic,FWD,White,30000
Chevrolet,Orlando,LT,2015,2,188000,1.4,140,Gasoline,Automatic,FWD,Black,19000
Chevrolet,Equinox,LT,2019,2,177000,1.5,170,Gasoline,Automatic,FWD,White,62000
Chevrolet,Spark,LT,2013,2,160000,1.2,82,Gasoline,Manual,FWD,Red,10000
Chevrolet,Trax,LT,2014,2,217000,1.8,141,Gasoline,Automatic,FWD,Red,22000
Chevrolet,Savana,,2007,3,340710,2.8,181,Diesel,Automatic,RWD,Golden,8000
Chevrolet,Spark,Premier,2021,1,60000,1.4,98,Gasoline,Variable,FWD,Purple,62000
Chevrolet,Trax,LT,2015,2,198000,1.8,141,Gasoline,Automatic,FWD,White,22000
Chevrolet,Spark,Premier,2020,2,83000,1.4,98,Gasoline,Variable,FWD,White,55000
Chevrolet,Equinox,LT Plus,2021,1,50400,1.5,170,Gasoline,Automatic,FWD,White,102000
Chevrolet,Equinox,,2018,1,118000,2.0,252,Gasoline,Automatic,AWD,Black,68000
Chevrolet,Trax,,2015,1,68500,1.4,140,Gasoline,Automatic,FWD,White,36000
Chevrolet,Corvette,,2022,2,38000,6.2,495,Gasoline,Robotic,RWD,Red,485000
Chevrolet,Malibu,LT,2014,4,280000,2.0,259,Gasoline,Automatic,FWD,White,18000
Chevrolet,Trax,LT,2015,4,143000,1.4,140,Gasoline,Automatic,FWD,Grey,22000
Chevrolet,Spark,LT,2017,3,123000,1.4,98,Gasoline,Variable,FWD,Silver,39000
Chevrolet,Captiva,,2017,3,190000,2.0,167,Diesel,Automatic,FWD,Black,37000
Chevrolet,Trax,,2015,2,203000,1.4,140,Gasoline,Automatic,FWD,Orange,28000
Chevrolet,Trailblazer,,2021,1,44000,1.3,155,Gasoline,Variable,AWD,Black,108000
Chevrolet,Equinox,RS,2023,1,69000,1.5,170,Gasoline,Automatic,FWD,Black,134000
Chevrolet,Captiva Sport,LS,2015,3,136000,2.4,182,Gasoline,Automatic,FWD,White,20000
Chevrolet,Aveo,,2005,1,100207,1.4,83,Gasoline,Manual,FWD,Silver,5000
Chevrolet,Traverse,LT,2009,3,204000,3.6,281,Gasoline,Automatic,AWD,Blue,30000
Chevrolet,Malibu,Hi-Tech,2011,1,185000,2.4,169,Gasoline,Automatic,FWD,White,11000
Chevrolet,Sonic,LT,2012,4,150000,1.6,116,Gasoline,Automatic,FWD,Light blue,9000
Chevrolet,Equinox,LT,2018,2,85000,1.5,170,Gasoline,Automatic,FWD,Black,74000
Chevrolet,Malibu,LS,2017,4,157500,1.5,160,Gasoline,Automatic,FWD,Silver,35000
Chevrolet,Cruze,LS,2010,2,116300,1.6,113,Gasoline,Automatic,FWD,Blue,9900
Chevrolet,Equinox,LTZ,2020,1,56000,1.5,170,Gasoline,Automatic,FWD,Black,80000
Chevrolet,Orlando,,2012,1,250000,2.0,163,Diesel,Automatic,FWD,Golden,22000
Chevrolet,Captiva,LTZ,2008,3,182000,3.2,223,Gasoline,Automatic,AWD,Golden,11800
Chevrolet,Equinox,LT Plus,2021,1,50400,1.5,170,Gasoline,Automatic,FWD,White,102000
Chevrolet,Equinox,,2018,1,118000,2.0,252,Gasoline,Automatic,AWD,Black,68000
Chevrolet,Trax,,2015,1,68500,1.4,140,Gasoline,Automatic,FWD,White,36000
Chevrolet,Corvette,,2022,2,38000,6.2,495,Gasoline,Robotic,RWD,Red,485000
Chevrolet,Malibu,LT,2014,4,280000,2.0,259,Gasoline,Automatic,FWD,White,18000
Chevrolet,Trax,LT,2015,4,143000,1.4,140,Gasoline,Automatic,FWD,Grey,22000
Chevrolet,Spark,LT,2017,3,123000,1.4,98,Gasoline,Variable,FWD,Silver,39000
Chevrolet,Captiva,,2017,3,190000,2.0,167,Diesel,Automatic,FWD,Black,37000
Chevrolet,Captiva Sport,LS,2014,1,209000,2.4,182,Gasoline,Automatic,FWD,Black,17500
Chevrolet,Malibu,,2013,4,200000,2.0,263,Gasoline,Automatic,FWD,Black,16000
Chevrolet,Sonic,,2012,3,140000,1.6,116,Gasoline,Automatic,FWD,White,13000
Chevrolet,Spark,LT Plus,2018,2,50000,1.4,98,Gasoline,Variable,FWD,Red,43000
Chevrolet,Equinox,LTZ,2021,3,118000,1.5,170,Gasoline,Automatic,FWD,White,95000
Chevrolet,Trax,,2017,2,197000,1.4,138,Gasoline,Automatic,FWD,White,35500
Chevrolet,Spark,LTZ,2017,1,55948,1.4,98,Gasoline,Variable,FWD,Black,57000
Chevrolet,Malibu,Hi-Tech,2010,3,151000,2.4,169,Gasoline,Automatic,FWD,White,9000
Chevrolet,Spark,Premier,2020,1,50327,1.4,98,Gasoline,Variable,FWD,Grey,66900
Chevrolet,Trailblazer,Active Z,2022,1,42000,1.3,155,Gasoline,Variable,AWD,Black,118000
Chevrolet,Trax,,2015,2,203000,1.4,140,Gasoline,Automatic,FWD,Orange,28000
Chevrolet,Trailblazer,,2021,1,44000,1.3,155,Gasoline,Variable,AWD,Black,108000
Chevrolet,Spark,LT Plus,2017,2,203137,1.4,98,Gasoline,Variable,FWD,Purple,43000
Chevrolet,Equinox,LT,2018,3,155000,1.5,170,Gasoline,Automatic,FWD,White,90000
Chevrolet,Spark,LT Plus,2019,2,70000,1.4,98,Gasoline,Variable,FWD,Black,52000
Chevrolet,Traverse,LT,2009,3,310000,3.6,281,Gasoline,Automatic,FWD,Silver,25000
Chevrolet,Captiva Sport,LS,2014,1,209000,2.4,182,Gasoline,Automatic,FWD,Black,17500
Chevrolet,Malibu,,2013,4,200000,2.0,263,Gasoline,Automatic,FWD,Black,16000
Chevrolet,Sonic,,2012,3,140000,1.6,116,Gasoline,Automatic,FWD,White,13000
Chevrolet,Spark,LT Plus,2018,2,50000,1.4,98,Gasoline,Variable,FWD,Red,43000
Chevrolet,Equinox,LTZ,2021,3,118000,1.5,170,Gasoline,Automatic,FWD,White,95000
Chevrolet,Trax,,2017,2,197000,1.4,138,Gasoline,Automatic,FWD,White,35500
Chevrolet,Spark,LTZ,2017,1,55948,1.4,98,Gasoline,Variable,FWD,Black,57000
Chevrolet,Malibu,Hi-Tech,2010,3,151000,2.4,169,Gasoline,Automatic,FWD,White,9000
Chevrolet,Spark,Premier,2020,1,50327,1.4,98,Gasoline,Variable,FWD,Grey,66900
Chevrolet,Trailblazer,Active Z,2022,1,42000,1.3,155,Gasoline,Variable,AWD,Black,118000
Chevrolet,Cruze,LT Platinum Turbo,2014,2,54000,1.4,140,Gasoline,Automatic,FWD,Grey,20000
Chevrolet,Spark,,2018,1,73000,1.4,98,Gasoline,Variable,FWD,Blue,46000
Chevrolet,Spark,LT Plus,2020,2,79600,1.4,98,Gasoline,Variable,FWD,White,56000
Chevrolet,Trailblazer,Active Z,2023,1,37000,1.3,155,Gasoline,Variable,AWD,Black,153000
Chevrolet,Malibu,LT,2014,4,280000,2.0,259,Gasoline,Automatic,FWD,White,18000
Chevrolet,Trax,LT,2015,4,143000,1.4,140,Gasoline,Automatic,FWD,Grey,22000
Chevrolet,Spark,LT,2017,3,123000,1.4,98,Gasoline,Variable,FWD,Silver,39000
Chevrolet,Captiva,,2017,3,190000,2.0,167,Diesel,Automatic,FWD,Black,37000
Chevrolet,Captiva Sport,LT,2012,3,180000,2.4,182,Gasoline,Automatic,FWD,Bronze,21000
Chevrolet,Cruze,LT Turbo,2016,2,142000,1.4,140,Gasoline,Automatic,FWD,Black,19900
Chevrolet,Cruze,LT Turbo,2012,3,195000,1.4,140,Gasoline,Automatic,FWD,Light blue,11500
Chevrolet,Traverse,,2009,3,235000,3.6,281,Gasoline,Automatic,AWD,Black,16000
Chevrolet,Captiva Sport,,2013,2,109000,3.0,264,Gasoline,Automatic,AWD,White,29800
Chevrolet,Spark,Premier,2020,1,71000,1.4,98,Gasoline,Variable,FWD,Black,59000
Chevrolet,Captiva Sport,LT,2012,3,180000,2.4,182,Gasoline,Automatic,FWD,Bronze,21000
Chevrolet,Cruze,LT Turbo,2016,2,142000,1.4,140,Gasoline,Automatic,FWD,Black,19900
Chevrolet,Cruze,LT Turbo,2012,3,195000,1.4,140,Gasoline,Automatic,FWD,Light blue,11500
Chevrolet,Traverse,,2009,3,235000,3.6,281,Gasoline,Automatic,AWD,Black,16000
Chevrolet,Captiva Sport,,2013,2,109000,3.0,264,Gasoline,Automatic,AWD,White,29800
Chevrolet,Spark,Premier,2020,1,71000,1.4,98,Gasoline,Variable,FWD,Black,59000
Chevrolet,Cruze,LT,2013,2,149000,1.8,141,Gasoline,Automatic,FWD,White,11000
Chevrolet,Trax,LT,2014,1,140000,1.8,141,Gasoline,Automatic,FWD,Red,25000
Chevrolet,Malibu,Hi-Tech,2010,2,52900,2.4,169,Gasoline,Automatic,FWD,Brown,25000
Chevrolet,Trax,LT,2014,3,140000,1.8,141,Gasoline,Automatic,FWD,Blue,22000
Chevrolet,Blazer,RS,2022,1,86000,2.0,230,Gasoline,Automatic,AWD,Black,182000
Chevrolet,Malibu,LT,2017,1,97000,1.5,160,Gasoline,Automatic,FWD,Silver,42000
Chevrolet,Sonic,LT,2014,2,166000,1.4,101,Gasoline,Automatic,FWD,White,18500
Chevrolet,Spark,LT Plus,2020,1,125000,1.4,98,Gasoline,Variable,FWD,Grey,54000
Chevrolet,Cruze,,2010,1,123000,1.6,113,Gasoline,Automatic,FWD,White,12000
Chevrolet,Trailblazer,Active Z,2023,2,14500,1.3,155,Gasoline,Variable,AWD,White,149000
Chevrolet,Traverse,LT FWD,2022,1,52000,3.6,310,Gasoline,Automatic,FWD,Black,200000
Chevrolet,Traverse,,2016,2,130000,3.6,281,Gasoline,Automatic,AWD,White,79000
Chevrolet,Captiva Sport,LS,2014,1,104800,2.4,182,Gasoline,Automatic,FWD,Silver,33000
Chevrolet,Spark,LS,2012,3,168500,1.2,82,Gasoline,Manual,FWD,White,11000
Chevrolet,Captiva Sport,LS,2014,1,209000,2.4,182,Gasoline,Automatic,FWD,Black,17500
Chevrolet,Malibu,,2013,4,200000,2.0,263,Gasoline,Automatic,FWD,Black,16000
Chevrolet,Sonic,,2012,3,140000,1.6,116,Gasoline,Automatic,FWD,White,13000
Chevrolet,Spark,LT Plus,2018,2,50000,1.4,98,Gasoline,Variable,FWD,Red,43000
Chevrolet,Equinox,LTZ,2021,3,118000,1.5,170,Gasoline,Automatic,FWD,White,95000
Chevrolet,Trax,,2017,2,197000,1.4,138,Gasoline,Automatic,FWD,White,35500
Chevrolet,Spark,LTZ,2017,1,55948,1.4,98,Gasoline,Variable,FWD,Black,57000
Chevrolet,Malibu,Hi-Tech,2010,3,151000,2.4,169,Gasoline,Automatic,FWD,White,9000
Chevrolet,Spark,Premier,2020,1,50327,1.4,98,Gasoline,Variable,FWD,Grey,66900
Chevrolet,Trailblazer,Active Z,2022,1,42000,1.3,155,Gasoline,Variable,AWD,Black,118000
Chevrolet,Blazer,,2020,1,89000,3.6,305,Gasoline,Automatic,AWD,Grey,150000
Chevrolet,Traverse,LS,2013,4,109000,3.6,281,Gasoline,Automatic,FWD,Silver,49000
Chevrolet,Trax,,2014,2,125000,1.4,140,Gasoline,Automatic,FWD,White,28000
Chevrolet,Cruze,LS,2012,3,170000,1.6,124,Gasoline,Automatic,FWD,White,11500
Chevrolet,Spark,LS,2012,3,232518,1.2,82,Gasoline,Manual,FWD,White,8000
Chevrolet,Sonic,,2013,2,141000,1.6,116,Gasoline,Automatic,FWD,White,17000
Chevrolet,Malibu,LT,2015,2,100700,2.0,259,Gasoline,Automatic,FWD,Beige,35500
Chevrolet,Spark,LT,2018,2,162000,1.4,98,Gasoline,Variable,FWD,White,50000
Chevrolet,Malibu,LT,2017,2,129000,1.5,160,Gasoline,Automatic,FWD,White,51000
Chevrolet,Trax,LT,2018,2,65500,1.4,138,Gasoline,Automatic,FWD,White,59000
Chevrolet,Traverse,LS,2016,2,113000,3.6,281,Gasoline,Automatic,FWD,Grey,70000
Chevrolet,Captiva Sport,LS,2012,4,160000,2.4,182,Gasoline,Automatic,FWD,White,21900
Chevrolet,Silverado,,2008,3,300000,6.6,365,Diesel,Automatic,AWD,Blue,15000
Chevrolet,Silverado,,2019,2,210000,6.6,445,Diesel,Automatic,AWD,White,100000
Chevrolet,Spark,LT,2013,1,163500,1.2,82,Gasoline,Manual,FWD,Purple,9500
Chevrolet,Cruze,LT,2017,3,170000,1.4,153,Gasoline,Automatic,FWD,Red,25000
Chevrolet,Trax,LT,2016,2,88000,1.4,140,Gasoline,Automatic,FWD,Silver,44000
Chevrolet,Trailblazer,LT Plus,2022,1,33000,1.3,155,Gasoline,Variable,FWD,Black,112500
Chevrolet,Impala,LT,2016,3,129000,3.6,305,Gasoline,Automatic,FWD,White,67800
Chevrolet,Traverse,LT Classic,2021,1,115000,3.6,310,Gasoline,Automatic,AWD,Black,160000
Chevrolet,Cruze,LT Platinum Turbo,2014,2,54000,1.4,140,Gasoline,Automatic,FWD,Grey,20000
Chevrolet,Spark,,2018,1,73000,1.4,98,Gasoline,Variable,FWD,Blue,46000
Chevrolet,Spark,LT Plus,2020,2,79600,1.4,98,Gasoline,Variable,FWD,White,56000
Chevrolet,Trailblazer,Active Z,2023,1,37000,1.3,155,Gasoline,Variable,AWD,Black,153000
Chevrolet,Captiva Sport,LT,2012,3,180000,2.4,182,Gasoline,Automatic,FWD,Bronze,21000
Chevrolet,Cruze,LT Turbo,2016,2,142000,1.4,140,Gasoline,Automatic,FWD,Black,19900
Chevrolet,Cruze,LT Turbo,2012,3,195000,1.4,140,Gasoline,Automatic,FWD,Light blue,11500
Chevrolet,Traverse,,2009,3,235000,3.6,281,Gasoline,Automatic,AWD,Black,16000
Chevrolet,Captiva Sport,,2013,2,109000,3.0,264,Gasoline,Automatic,AWD,White,29800
Chevrolet,Spark,Premier,2020,1,71000,1.4,98,Gasoline,Variable,FWD,Black,59000
Chevrolet,Aveo,LT,2006,2,134186,1.4,94,Gasoline,Automatic,FWD,Red,7500
Chevrolet,Blazer,RS,2023,1,26000,2.0,231,Gasoline,Automatic,AWD,White,230000
Chevrolet,Orlando,LT,2018,3,120000,1.4,140,Gasoline,Automatic,FWD,White,50000
Chevrolet,Traverse,LS,2014,2,178800,3.6,281,Gasoline,Automatic,FWD,White,45000
Chevrolet,Trailblazer,LTZ,2022,1,38000,1.3,155,Gasoline,Variable,FWD,Light Grey,115000
Chevrolet,Sonic,LT,2015,2,135900,1.4,101,Gasoline,Automatic,FWD,White,23000
Chevrolet,Spark,LT,2018,2,127000,1.4,98,Gasoline,Variable,FWD,Blue,42000
Chevrolet,Trailblazer,LS,2021,2,46500,1.3,155,Gasoline,Variable,FWD,Black,85000
Chevrolet,Traverse,LS,2016,2,159400,3.6,281,Gasoline,Automatic,FWD,Grey,68500
Chevrolet,Malibu,LT,2014,2,102920,2.0,259,Gasoline,Automatic,FWD,Black,31500
Chevrolet,Spark,LS,2011,3,160000,1.2,82,Gasoline,Manual,FWD,Black,10750
Chevrolet,Orlando,LT,2014,3,222000,1.4,140,Gasoline,Automatic,FWD,White,23900
Chevrolet,Trax,LS,2014,2,145000,1.8,141,Gasoline,Automatic,FWD,Blue,26000
Chevrolet,Uplander,LT,2009,3,164000,3.9,243,Gasoline,Automatic,FWD,Golden,20000
Chevrolet,Malibu,Hi-Tech,2011,4,139000,2.4,169,Gasoline,Automatic,FWD,Golden,18500
Chevrolet,Trax,LS,2019,1,45000,1.4,138,Gasoline,Automatic,FWD,White,62000
Chevrolet,Traverse,LS,2016,3,110000,3.6,281,Gasoline,Automatic,FWD,Silver,60000
Chevrolet,Trax,LT,2016,3,91000,1.4,140,Gasoline,Automatic,FWD,Orange,39000
Chevrolet,Malibu,LT,2019,2,131000,1.5,160,Gasoline,Variable,FWD,Black,60000
Chevrolet,Sonic,RS,2014,3,152400,1.4,138,Gasoline,Automatic,FWD,Black,24000
Chevrolet,Cruze,LT,2013,2,149000,1.8,141,Gasoline,Automatic,FWD,White,11000
Chevrolet,Trax,LT,2014,1,140000,1.8,141,Gasoline,Automatic,FWD,Red,25000
Chevrolet,Malibu,Hi-Tech,2010,2,52900,2.4,169,Gasoline,Automatic,FWD,Brown,25000
Chevrolet,Trax,LT,2014,3,140000,1.8,141,Gasoline,Automatic,FWD,Blue,22000
Chevrolet,Blazer,RS,2022,1,86000,2.0,230,Gasoline,Automatic,AWD,Black,182000
Chevrolet,Malibu,LT,2017,1,97000,1.5,160,Gasoline,Automatic,FWD,Silver,42000
Chevrolet,Sonic,LT,2014,2,166000,1.4,101,Gasoline,Automatic,FWD,White,18500
Chevrolet,Spark,LT Plus,2020,1,125000,1.4,98,Gasoline,Variable,FWD,Grey,54000
Chevrolet,Cruze,,2010,1,123000,1.6,113,Gasoline,Automatic,FWD,White,12000
Chevrolet,Trailblazer,Active Z,2023,2,14500,1.3,155,Gasoline,Variable,AWD,White,149000
Chevrolet,Traverse,LT,2010,4,250000,3.6,281,Gasoline,Automatic,AWD,Black,30000
Chevrolet,Spark,LT,2017,2,96000,1.4,98,Gasoline,Variable,FWD,Black,40850
Chevrolet,Traverse,LT,2011,3,231000,3.6,281,Gasoline,Automatic,AWD,Black,40000
Chevrolet,Cruze,LT Turbo,2015,2,180000,1.4,140,Gasoline,Automatic,FWD,Black,17000
Chevrolet,Spark,Premier,2021,1,7000,1.4,98,Gasoline,Variable,FWD,Blue,72500
Chevrolet,Trax,LT,2017,3,93000,1.4,138,Gasoline,Automatic,FWD,Black,51000
Chevrolet,Spark,LS,2011,3,129000,1.2,82,Gasoline,Manual,FWD,Black,10000
Chevrolet,Silverado,LTZ Plus,2020,1,195000,6.6,445,Diesel,Automatic,AWD,White,140000
Chevrolet,Aveo,,2006,3,196000,1.4,94,Gasoline,Automatic,FWD,Silver,4000
Chevrolet,Aveo,LT,2008,3,135000,1.4,94,Gasoline,Automatic,FWD,Grey,7000
Chevrolet,Captiva Sport,LS,2014,2,109000,2.4,182,Gasoline,Automatic,FWD,Beige,26950
Chevrolet,Traverse,LT,2010,4,320000,3.6,281,Gasoline,Automatic,FWD,Black,33000
Chevrolet,Spark,LT,2017,2,118500,1.4,98,Gasoline,Variable,FWD,Grey,35000
Chevrolet,Malibu,LT,2014,3,140000,2.0,259,Gasoline,Automatic,FWD,White,28000
Chevrolet,Cruze,,2017,3,141000,1.4,153,Gasoline,Automatic,FWD,Red,35800
Chevrolet,Cruze,,2013,4,129000,1.6,124,Gasoline,Automatic,FWD,White,11500
Chevrolet,Impala,LTZ,2015,4,153000,3.6,305,Gasoline,Automatic,FWD,Silver,58000
Chevrolet,Captiva,LT,2008,4,217000,2.0,150,Diesel,Automatic,AWD,Black,25000
Chevrolet,Traverse,LT,2016,3,148000,3.6,281,Gasoline,Automatic,FWD,Bronze,75000
Chevrolet,Malibu,Luxury,2010,3,130000,3.5,217,Gasoline,Automatic,FWD,Black,16500
Chevrolet,Traverse,LT FWD,2022,1,52000,3.6,310,Gasoline,Automatic,FWD,Black,200000
Chevrolet,Traverse,,2016,2,130000,3.6,281,Gasoline,Automatic,AWD,White,79000
Chevrolet,Captiva Sport,LS,2014,1,104800,2.4,182,Gasoline,Automatic,FWD,Silver,33000
Chevrolet,Spark,LS,2012,3,168500,1.2,82,Gasoline,Manual,FWD,White,11000
Chevrolet,Blazer,,2020,1,89000,3.6,305,Gasoline,Automatic,AWD,Grey,150000
Chevrolet,Traverse,LS,2013,4,109000,3.6,281,Gasoline,Automatic,FWD,Silver,49000
Chevrolet,Trax,,2014,2,125000,1.4,140,Gasoline,Automatic,FWD,White,28000
Chevrolet,Cruze,LS,2012,3,170000,1.6,124,Gasoline,Automatic,FWD,White,11500
Chevrolet,Spark,LS,2012,3,232518,1.2,82,Gasoline,Manual,FWD,White,8000
Chevrolet,Sonic,,2013,2,141000,1.6,116,Gasoline,Automatic,FWD,White,17000
Chevrolet,Spark,LTZ,2016,2,77550,1.4,98,Gasoline,Variable,FWD,Silver,42000
Chevrolet,Equinox,LT,2019,2,66000,1.5,170,Gasoline,Automatic,FWD,Black,85000
Chevrolet,Cruze,LT Platinum,2013,2,88000,1.6,124,Gasoline,Automatic,FWD,Silver,15000
Chevrolet,Cruze,LS,2010,3,70000,1.6,124,Gasoline,Automatic,FWD,Light blue,12000
Chevrolet,Savana,Max,2017,2,210000,2.8,181,Diesel,Automatic,RWD,White,58000
Chevrolet,Sonic,LT,2012,2,80000,1.6,116,Gasoline,Automatic,FWD,White,12000
Chevrolet,Malibu,LT,2014,3,210000,2.0,259,Gasoline,Automatic,FWD,White,27000
Chevrolet,Equinox,RS,2022,1,63000,1.5,170,Gasoline,Automatic,AWD,Red,152000
Chevrolet,Uplander,LT,2009,1,87000,3.9,243,Gasoline,Automatic,FWD,Silver,21000
Chevrolet,Spark,Premier,2021,1,29500,1.4,98,Gasoline,Variable,FWD,White,66000
Chevrolet,Spark,LS,2011,3,200000,1.2,82,Gasoline,Manual,FWD,Green,8500
Chevrolet,Malibu,Hi-Tech,2011,4,125000,2.4,169,Gasoline,Automatic,FWD,White,15000
Chevrolet,Spark,LS,2011,3,225000,1.2,82,Gasoline,Manual,FWD,Black,5500
Chevrolet,Trax,LT,2015,3,118000,1.4,140,Gasoline,Automatic,FWD,Silver,38000
Chevrolet,Spark,Premier,2020,1,50372,1.4,98,Gasoline,Variable,FWD,Black,64000
Chevrolet,Trax,LT,2018,2,39000,1.4,138,Gasoline,Automatic,FWD,Silver,75000
Chevrolet,Rezzo,,2008,2,140000,2.0,121,Gasoline,Automatic,FWD,Silver,10000
Chevrolet,Traverse,LS,2014,1,153000,3.6,281,Gasoline,Automatic,FWD,Grey,57000
Chevrolet,Traverse,LS,2015,3,120000,3.6,281,Gasoline,Automatic,FWD,White,60000
Chevrolet,Spark,LT Plus,2019,4,43000,1.4,98,Gasoline,Variable,FWD,White,52000
Chevrolet,Malibu,LT,2015,2,100700,2.0,259,Gasoline,Automatic,FWD,Beige,35500
Chevrolet,Spark,LT,2018,2,162000,1.4,98,Gasoline,Variable,FWD,White,50000
Chevrolet,Malibu,LT,2017,2,129000,1.5,160,Gasoline,Automatic,FWD,White,51000
Chevrolet,Trax,LT,2018,2,65500,1.4,138,Gasoline,Automatic,FWD,White,59000
Chevrolet,Traverse,LS,2016,2,113000,3.6,281,Gasoline,Automatic,FWD,Grey,70000
Chevrolet,Captiva Sport,LS,2012,4,160000,2.4,182,Gasoline,Automatic,FWD,White,21900
Chevrolet,Silverado,,2008,3,300000,6.6,365,Diesel,Automatic,AWD,Blue,15000
Chevrolet,Silverado,,2019,2,210000,6.6,445,Diesel,Automatic,AWD,White,100000
Chevrolet,Spark,LT,2013,1,163500,1.2,82,Gasoline,Manual,FWD,Purple,9500
Chevrolet,Cruze,LT,2017,3,170000,1.4,153,Gasoline,Automatic,FWD,Red,25000
Chevrolet,Cruze,LT Platinum Turbo,2014,1,79000,1.4,140,Gasoline,Automatic,FWD,White,20000
Chevrolet,Spark,LS,2011,2,122000,1.2,82,Gasoline,Manual,FWD,Green,13500
Chevrolet,Spark,LT,2016,2,100000,1.4,98,Gasoline,Variable,FWD,White,39000
Chevrolet,Traverse,LT,2015,3,157000,3.6,281,Gasoline,Automatic,FWD,White,64000
Chevrolet,Spark,Premier,2020,2,43000,1.4,98,Gasoline,Variable,FWD,Black,65500
Chevrolet,Spark,Premier,2021,2,46200,1.4,98,Gasoline,Variable,FWD,Blue,63000
Chevrolet,Malibu,Hi-Tech,2011,3,120000,2.4,169,Gasoline,Automatic,FWD,Blue,11750
Chevrolet,Blazer,RS,2020,2,79120,2.0,230,Gasoline,Automatic,AWD,Silver,176100
Chevrolet,Captiva,LT 7 seats,2011,4,220000,2.4,167,Gasoline,Automatic,AWD,Silver,16000
Chevrolet,Traverse,,2012,3,201000,3.6,281,Gasoline,Automatic,FWD,Beige,50000
Chevrolet,Spark,Premier,2021,1,8300,1.4,98,Gasoline,Variable,FWD,Grey,70000
Chevrolet,Spark,LS,2011,3,130000,1.2,82,Gasoline,Manual,FWD,Blue,10000
Chevrolet,Impala,Premier,2018,1,40000,3.6,305,Gasoline,Automatic,FWD,Black,110000
Chevrolet,Captiva Sport,LS,2015,2,220000,2.4,182,Gasoline,Automatic,FWD,White,18900
Chevrolet,Spark,LT,2017,3,119000,1.4,98,Gasoline,Variable,FWD,Black,27900
Chevrolet,Trax,LT Luxury,2019,1,150000,1.4,138,Gasoline,Automatic,FWD,Black,42000
Chevrolet,Traverse,Premier,2021,2,56000,3.6,310,Gasoline,Automatic,AWD,Black,220000
Chevrolet,Spark,LS,2011,3,215000,1.2,82,Gasoline,Manual,FWD,Brown,10000
Chevrolet,Spark,LT Plus,2020,2,60000,1.4,98,Gasoline,Variable,FWD,Grey,49900
Chevrolet,Sonic,LTZ,2014,3,188000,1.6,116,Gasoline,Automatic,FWD,Silver,12900
Chevrolet,Trax,LT,2016,2,88000,1.4,140,Gasoline,Automatic,FWD,Silver,44000
Chevrolet,Trailblazer,LT Plus,2022,1,33000,1.3,155,Gasoline,Variable,FWD,Black,112500
Chevrolet,Impala,LT,2016,3,129000,3.6,305,Gasoline,Automatic,FWD,White,67800
Chevrolet,Traverse,LT Classic,2021,1,115000,3.6,310,Gasoline,Automatic,AWD,Black,160000
Chevrolet,Aveo,LT,2006,2,134186,1.4,94,Gasoline,Automatic,FWD,Red,7500
Chevrolet,Blazer,RS,2023,1,26000,2.0,231,Gasoline,Automatic,AWD,White,230000
Chevrolet,Orlando,LT,2018,3,120000,1.4,140,Gasoline,Automatic,FWD,White,50000
Chevrolet,Traverse,LS,2014,2,178800,3.6,281,Gasoline,Automatic,FWD,White,45000
Chevrolet,Trailblazer,LTZ,2022,1,38000,1.3,155,Gasoline,Variable,FWD,Light Grey,115000
Chevrolet,Sonic,LT,2015,2,135900,1.4,101,Gasoline,Automatic,FWD,White,23000
Chevrolet,Equinox,LT Plus,2022,1,77000,1.5,170,Gasoline,Automatic,FWD,White,98900
Chevrolet,Spark,LS,2011,3,168000,1.2,82,Gasoline,Manual,FWD,White,10000
Chevrolet,Equinox,LS,2020,1,86000,1.5,170,Gasoline,Automatic,FWD,White,74900
Chevrolet,Camaro,,2011,2,170000,3.6,312,Gasoline,Automatic,RWD,Black,129900
Chevrolet,Traverse,Premier,2022,1,113000,3.6,310,Gasoline,Automatic,AWD,White,225000
Chevrolet,Spark,LT,2017,2,152000,1.4,98,Gasoline,Variable,FWD,Grey,29500
Chevrolet,Trailblazer,LS,2023,1,109000,1.3,155,Gasoline,Variable,FWD,Black,95000
Chevrolet,Trax,RS1,2024,1,18000,1.2,139,Gasoline,Automatic,FWD,White,118900
Chevrolet,Silverado,,2020,1,227000,6.6,445,Diesel,Automatic,AWD,White,134990
Chevrolet,Trax,LT Luxury,2019,2,89828,1.4,138,Gasoline,Automatic,FWD,White,55795
Chevrolet,Spark,Premier,2021,1,39000,1.4,98,Gasoline,Variable,FWD,Black,74905
Chevrolet,Equinox,LT Plus,2020,2,87983,1.5,170,Gasoline,Automatic,FWD,Black,76315
Chevrolet,Equinox,LS,2018,1,153000,1.5,170,Gasoline,Automatic,FWD,Brown,44000
Chevrolet,Trax,LT,2014,2,162000,1.4,140,Gasoline,Automatic,FWD,White,35000
Chevrolet,Equinox,RS,2022,1,40000,1.5,170,Gasoline,Automatic,FWD,White,125000
Chevrolet,Malibu,LT,2014,2,172000,2.0,259,Gasoline,Automatic,FWD,Grey,16000
Chevrolet,Trax,LS,2017,1,22000,1.4,138,Gasoline,Automatic,FWD,Black,44000
Chevrolet,Malibu,LTZ,2019,3,64000,1.5,160,Gasoline,Variable,FWD,White,72000
Chevrolet,Malibu,,2008,4,233000,3.5,217,Gasoline,Automatic,FWD,Green,9900
Chevrolet,Equinox,LTZ,2020,1,53800,1.5,170,Gasoline,Automatic,FWD,Black,117000
Chevrolet,Spark,LT,2018,2,127000,1.4,98,Gasoline,Variable,FWD,Blue,42000
Chevrolet,Trailblazer,LS,2021,2,46500,1.3,155,Gasoline,Variable,FWD,Black,85000
Chevrolet,Traverse,LS,2016,2,159400,3.6,281,Gasoline,Automatic,FWD,Grey,68500
Chevrolet,Malibu,LT,2014,2,102920,2.0,259,Gasoline,Automatic,FWD,Black,31500
Chevrolet,Spark,LS,2011,3,160000,1.2,82,Gasoline,Manual,FWD,Black,10750
Chevrolet,Orlando,LT,2014,3,222000,1.4,140,Gasoline,Automatic,FWD,White,23900
Chevrolet,Trax,LS,2014,2,145000,1.8,141,Gasoline,Automatic,FWD,Blue,26000
Chevrolet,Uplander,LT,2009,3,164000,3.9,243,Gasoline,Automatic,FWD,Golden,20000
Chevrolet,Malibu,Hi-Tech,2011,4,139000,2.4,169,Gasoline,Automatic,FWD,Golden,18500
Chevrolet,Trax,LS,2019,1,45000,1.4,138,Gasoline,Automatic,FWD,White,62000
Chevrolet,Sonic,LT Premium,2012,4,183000,1.6,116,Gasoline,Automatic,FWD,Grey,12000
Chevrolet,Aveo,LT Big,2008,2,188000,1.4,94,Gasoline,Automatic,FWD,Silver,4500
Chevrolet,Trailblazer,,2005,3,270000,4.2,273,Gasoline,Automatic,AWD,Golden,12000
Chevrolet,Malibu,Hi-Tech,2010,2,212000,2.4,169,Gasoline,Automatic,FWD,Golden,7000
Chevrolet,Traverse,LS,2016,3,110000,3.6,281,Gasoline,Automatic,FWD,Silver,60000
Chevrolet,Trax,LT,2016,3,91000,1.4,140,Gasoline,Automatic,FWD,Orange,39000
Chevrolet,Malibu,LT,2019,2,131000,1.5,160,Gasoline,Variable,FWD,Black,60000
Chevrolet,Sonic,RS,2014,3,152400,1.4,138,Gasoline,Automatic,FWD,Black,24000
Chevrolet,Traverse,LT,2010,4,250000,3.6,281,Gasoline,Automatic,AWD,Black,30000
Chevrolet,Spark,LT,2017,2,96000,1.4,98,Gasoline,Variable,FWD,Black,40850
Chevrolet,Traverse,LT,2011,3,231000,3.6,281,Gasoline,Automatic,AWD,Black,40000
Chevrolet,Cruze,LT Turbo,2015,2,180000,1.4,140,Gasoline,Automatic,FWD,Black,17000
Chevrolet,Spark,Premier,2021,1,7000,1.4,98,Gasoline,Variable,FWD,Blue,72500
Chevrolet,Trax,LT,2017,3,93000,1.4,138,Gasoline,Automatic,FWD,Black,51000
